gesture_id,f0,f1,f2,f3,f4,f5,f6,f7,f8,f9,f10,f11,f12,f13,f14,f15,f16,f17,f18,f19,f20,f21,f22,f23,f24,f25,f26,f27,f28,f29,f30,f31,f32,f33,f34,f35,f36,f37,f38,f39,f40,f41,f42,f43,f44,f45,f46,f47,f48,f49,f50,f51,f52,f53,f54,f55,f56,f57,f58,f59,f60,f61,f62
3,0.0,0.0,0.0,-0.1013022280969568,0.3269349910084673,-0.15879464550363206,-0.2087364277726574,0.5693028785109963,-0.2880750129767642,-0.23739148782792113,0.7691658368131024,-0.399411822625711,-0.2541293681548001,0.9999961472020193,-0.4981224246738525,-0.5219262675986615,0.15325381982689826,-0.2928356040868029,-0.48063684755733876,0.06880842798812849,-0.38948385360482096,-0.28112088232899046,0.14061647446032377,-0.39669837008739967,-0.25726539556395767,0.2156436797067993,-0.40242461697186044,-0.5168694922947914,-0.19599091977356145,-0.2773911972794085,-0.5193060220847124,-0.2926699416753542,-0.3808800730760264,-0.2603421746521162,-0.14263424722178855,-0.3609730390985011,-0.23919925055235644,-0.08908536209375136,-0.3462125427793827,-0.461963062788515,-0.5000582405006289,-0.26816094613167846,-0.4929763438063329,-0.6208476547345433,-0.3833077615467286,-0.2555579875537726,-0.4244452117391591,-0.3339222478977298,-0.2341052728143707,-0.3031660802783826,-0.294903755144466,-0.3840754037189239,-0.7442368761081085,-0.26963196367508685,-0.40242975277259396,-0.8761005593641019,-0.3461789859541657,-0.24595907061796585,-0.7052603222099705,-0.30759041670070925,-0.2211618111226346,-0.5696399968645876,-0.2775952939665708
3,0.0,0.0,0.0,-0.0717515500493576,0.2851770201942637,-0.1584892385593657,-0.17340217745325212,0.5249005078095502,-0.2822999508973972,-0.19794095477547574,0.7546967492577025,-0.388345044748494,-0.20774369957420374,0.9999964656745347,-0.4841228836192456,-0.4577211704503607,0.16869303432405852,-0.27422429392643166,-0.42620568192868136,0.0747642303701323,-0.3721754295267317,-0.2500817486720302,0.12808494332665873,-0.3913655985695127,-0.22537212429434553,0.19749329757096934,-0.4051650005572972,-0.45447928964087875,-0.15385546261347013,-0.2575916431585493,-0.47449915181304725,-0.25051539683931323,-0.36450021509158553,-0.24080228881259347,-0.13248967955678798,-0.3570674465318447,-0.2161965209063543,-0.07502071161553774,-0.34784626110732403,-0.4097080919726762,-0.4405745302133748,-0.2484833200151177,-0.44973328062425516,-0.5549213479237128,-0.3630085159550632,-0.23716099244558483,-0.39175029688112467,-0.3254731703421722,-0.2167408720670341,-0.280578264065146,-0.2925652309194873,-0.34186580062638944,-0.6800781918084718,-0.2503634276084912,-0.36650000793150317,-0.7934976744532866,-0.3289274249960274,-0.22337315054678725,-0.641115056708196,-0.2994282108562216,-0.20106549673182358,-0.512372741943108,-0.27443282318540146
3,0.0,0.0,0.0,-0.0717515500493576,0.2851770201942637,-0.1584892385593657,-0.17340217745325212,0.5249005078095502,-0.2822999508973972,-0.19794095477547574,0.7546967492577025,-0.388345044748494,-0.20774369957420374,0.9999964656745347,-0.4841228836192456,-0.4577211704503607,0.16869303432405852,-0.27422429392643166,-0.42620568192868136,0.0747642303701323,-0.3721754295267317,-0.2500817486720302,0.12808494332665873,-0.3913655985695127,-0.22537212429434553,0.19749329757096934,-0.4051650005572972,-0.45447928964087875,-0.15385546261347013,-0.2575916431585493,-0.47449915181304725,-0.25051539683931323,-0.36450021509158553,-0.24080228881259347,-0.13248967955678798,-0.3570674465318447,-0.2161965209063543,-0.07502071161553774,-0.34784626110732403,-0.4097080919726762,-0.4405745302133748,-0.2484833200151177,-0.44973328062425516,-0.5549213479237128,-0.3630085159550632,-0.23716099244558483,-0.39175029688112467,-0.3254731703421722,-0.2167408720670341,-0.280578264065146,-0.2925652309194873,-0.34186580062638944,-0.6800781918084718,-0.2503634276084912,-0.36650000793150317,-0.7934976744532866,-0.3289274249960274,-0.22337315054678725,-0.641115056708196,-0.2994282108562216,-0.20106549673182358,-0.512372741943108,-0.27443282318540146
3,0.0,0.0,0.0,-0.0603530275490057,0.25903908592007335,-0.154639081865093,-0.15432918949413515,0.5023409566556712,-0.27379022930742763,-0.19063396974655689,0.7428254996639261,-0.3742364499611076,-0.2042759256353116,0.9999968427682971,-0.4644390657222405,-0.4264703266038952,0.15158299595161187,-0.26156947515288304,-0.41617600567217106,0.053636492653768374,-0.34533122450816417,-0.24937970345285093,0.1196053570900474,-0.3593503985807048,-0.22072730545309596,0.19607949859874602,-0.3707911231159963,-0.4181472506086427,-0.14447823401065224,-0.239266085426797,-0.4475426056498478,-0.2461253144973499,-0.3305240464484295,-0.2338389541121631,-0.12440070443813059,-0.32083932948482774,-0.20774174119569336,-0.055318308023434,-0.31223070525229807,-0.3745540391973142,-0.4004357795169095,-0.22341527666477706,-0.41406945523600264,-0.5115567854889783,-0.31589999657282875,-0.22302994536170384,-0.35592318699463754,-0.27819156290030916,-0.2017640232570754,-0.24426970965762876,-0.25011075536250316,-0.31290215412548966,-0.6068441311185818,-0.2188067035982641,-0.33814500408142656,-0.7094987106581325,-0.2818637475755795,-0.21182875766636564,-0.5673427349126158,-0.2532040573809522,-0.19040927605165023,-0.4463790536267257,-0.2314017120122271
3,0.0,0.0,0.0,-0.06899471969949834,0.26757166234352764,-0.15282973071518524,-0.15822548363416394,0.5120532083631082,-0.271844213107621,-0.1806121026547119,0.7440730741759901,-0.37312721210711663,-0.1821476290465403,0.9999968053251551,-0.4641909821094085,-0.44271906954240026,0.13040235094175376,-0.2596623275551873,-0.4327983199126557,0.05610212478239442,-0.3471428456104767,-0.26366515295717396,0.11885924455873811,-0.362888798550888,-0.23244868593123477,0.19166954930777239,-0.37461975175750717,-0.4358291946123994,-0.1639645706488604,-0.23889173390738858,-0.4558243607615469,-0.2405180066041654,-0.32931841469521367,-0.2416740309996007,-0.11885277036512178,-0.3187125430468929,-0.21643172134186886,-0.057279190307082825,-0.3110885374047274,-0.3912983579969976,-0.41515423813353614,-0.22558381470935995,-0.4172137933733695,-0.4984810135337479,-0.3209082229679463,-0.2241508643071392,-0.3359482869701248,-0.2858120716152329,-0.20035058606871747,-0.22434756554260035,-0.25886078906242904,-0.32770482953066055,-0.6202955370608859,-0.2237387647374327,-0.34978354351951374,-0.7058500063174966,-0.2923476272578337,-0.22221051039683024,-0.557318199492857,-0.2672899511290796,-0.19648358830516946,-0.4314295992151777,-0.2473200628976547
3,0.0,0.0,0.0,-0.058141136738752236,0.2597184995393399,-0.14837436646221852,-0.1501489039531618,0.505016840803607,-0.2623630774774546,-0.18610741385067256,0.7481860468090701,-0.3596195293941744,-0.2027645343741851,0.999996994955655,-0.4465168435993823,-0.416272720728986,0.1543675901440098,-0.24118232815536172,-0.40384234655335405,0.07535960242093322,-0.32583634393312927,-0.24291754999144613,0.13647010101048485,-0.3446584674142408,-0.2111470976880596,0.21226996711999718,-0.3583829221907772,-0.4107812461853946,-0.12624167217885107,-0.22094322906792419,-0.43339840504799204,-0.2021302000157217,-0.31150110836812467,-0.229506702491452,-0.0945202077187625,-0.30487295017901483,-0.20070095505924604,-0.03195870174874726,-0.2972803046436574,-0.37066942692630006,-0.3668607340565089,-0.2085807841046167,-0.40334225858813316,-0.45334720414630647,-0.3003227452515521,-0.22039173957521782,-0.31355972161581586,-0.2664274340504539,-0.1974364123464538,-0.21136794599075207,-0.23974652312663455,-0.3100373434352817,-0.5632135926258839,-0.20757330925419543,-0.32842703949159574,-0.6488695978694256,-0.27083027244017105,-0.21083508005359872,-0.517467007142619,-0.24651510716271186,-0.19418064624909703,-0.4017351528331387,-0.22694381447474796
3,0.0,0.0,0.0,-0.056914019202193564,0.25609660758661046,-0.1483611431282015,-0.14593192493945087,0.5025109910174563,-0.2630271166169573,-0.182612041726653,0.7441519214542834,-0.3595226589642467,-0.19695594188479587,0.9999970744044734,-0.44547781409787657,-0.41318024920687146,0.15536827458942284,-0.2482901660077105,-0.3965378583672731,0.07144206367105772,-0.325450533931882,-0.23468634388362125,0.13627638078325105,-0.3366749448925519,-0.20578231350550366,0.2162543005242006,-0.34644745381808534,-0.40915627750781475,-0.12210712127585374,-0.2264373499916799,-0.4235713243314636,-0.19909566041197888,-0.31040133577870976,-0.2221950470939468,-0.08906742939658008,-0.3004419578692969,-0.19761422291980796,-0.026655935251395493,-0.2923360552237631,-0.36838034483972154,-0.3580620729819155,-0.21077462083544524,-0.3911049036846674,-0.4431639476719499,-0.29671536789741476,-0.2111458653134247,-0.30340504223963227,-0.262359201137658,-0.19280816103743229,-0.20482968057986894,-0.23737102742768118,-0.3082859999377795,-0.5489176242472821,-0.20603235989974109,-0.3214702791998084,-0.6275393106770247,-0.26439503332666653,-0.2032757885790762,-0.498189702983381,-0.2383600837840942,-0.18706516034681292,-0.38889796202132615,-0.21889698050685433
3,0.0,0.0,0.0,-0.08903937590285954,0.3012605338492796,-0.1660219172052644,-0.18907491531104179,0.5480747236223755,-0.3039635820835217,-0.21078812342664305,0.7681490990583558,-0.4244318296403119,-0.22524849991688353,0.999996238684344,-0.5312006079596969,-0.5112379794249349,0.15282914091869063,-0.30318353444862667,-0.46610815326237043,0.06755461931661572,-0.4109154971477976,-0.2743072888390056,0.1428241297306292,-0.4244502133747646,-0.26504704308816246,0.2200815495762545,-0.43379949132737033,-0.5068801375921086,-0.18578960744921258,-0.28819409313714733,-0.49736991789108537,-0.2774078625887735,-0.4014450434821225,-0.2458746015890557,-0.13570088101397168,-0.38672012056926985,-0.2407695282082919,-0.08826288731411616,-0.3749632179550246,-0.45357717212213006,-0.4850629044425311,-0.28093209766854566,-0.4665767142990309,-0.5870679695478724,-0.4037741729605273,-0.2349609406968866,-0.3949034658893577,-0.35733809278834444,-0.2298491415596157,-0.2766286836974272,-0.31947379311654783,-0.3758610556827213,-0.7321853580555353,-0.28538090535813027,-0.37658048743709627,-0.8464733359819472,-0.3645966132827508,-0.22702678993735775,-0.6753041780278438,-0.32818143389837734,-0.21858663809661227,-0.5368848583296487,-0.29967198895229025
3,0.0,0.0,0.0,-0.08903937590285954,0.3012605338492796,-0.1660219172052644,-0.18907491531104179,0.5480747236223755,-0.3039635820835217,-0.21078812342664305,0.7681490990583558,-0.4244318296403119,-0.22524849991688353,0.999996238684344,-0.5312006079596969,-0.5112379794249349,0.15282914091869063,-0.30318353444862667,-0.46610815326237043,0.06755461931661572,-0.4109154971477976,-0.2743072888390056,0.1428241297306292,-0.4244502133747646,-0.26504704308816246,0.2200815495762545,-0.43379949132737033,-0.5068801375921086,-0.18578960744921258,-0.28819409313714733,-0.49736991789108537,-0.2774078625887735,-0.4014450434821225,-0.2458746015890557,-0.13570088101397168,-0.38672012056926985,-0.2407695282082919,-0.08826288731411616,-0.3749632179550246,-0.45357717212213006,-0.4850629044425311,-0.28093209766854566,-0.4665767142990309,-0.5870679695478724,-0.4037741729605273,-0.2349609406968866,-0.3949034658893577,-0.35733809278834444,-0.2298491415596157,-0.2766286836974272,-0.31947379311654783,-0.3758610556827213,-0.7321853580555353,-0.28538090535813027,-0.37658048743709627,-0.8464733359819472,-0.3645966132827508,-0.22702678993735775,-0.6753041780278438,-0.32818143389837734,-0.21858663809661227,-0.5368848583296487,-0.29967198895229025
3,0.0,0.0,0.0,-0.06260763335219535,0.25492212888350935,-0.15198024563276666,-0.14587718637908081,0.4940372085434379,-0.27304973029677604,-0.1691013181681145,0.7399331714222959,-0.37666937637236236,-0.17593070046894216,0.9999968583800278,-0.4705541893566398,-0.42340522419877685,0.13970535051101773,-0.25843367059305594,-0.38805800723144035,0.0708308493059585,-0.34759752395997906,-0.2251205665878342,0.1208294703851553,-0.3694097285679366,-0.19997912939510515,0.18767244054961574,-0.3857307229369044,-0.42202290673710297,-0.15483921749743818,-0.2389740459674528,-0.41978633131550536,-0.20921296135274992,-0.3313066074482697,-0.21131761552648115,-0.10646868625440012,-0.3256825864994869,-0.18867659625108235,-0.05718650335027299,-0.32117390399300905,-0.3785735342656067,-0.40685552108018136,-0.22659617676093402,-0.39900793894220227,-0.47888124545020666,-0.32385469542631834,-0.20933252376121358,-0.33540289107366905,-0.29029389251809445,-0.18819647406580303,-0.24088894762449606,-0.26376075169967544,-0.3130499638349521,-0.6120918385999811,-0.2255655244568087,-0.3292085845885102,-0.6927775515435683,-0.2917646880345829,-0.20347930251805407,-0.5585051281084482,-0.26514129023749594,-0.1820129347513359,-0.44842634996247244,-0.2442660635486458
3,0.0,0.0,0.0,-0.06232925821652637,0.26018528508157623,-0.15997259430149421,-0.1495793743869908,0.5036934329299275,-0.285428320709952,-0.17407383131175455,0.7416962090274026,-0.3917497885840634,-0.18233422965735072,0.9999967274372512,-0.4867801630574376,-0.4394835043004167,0.14066698819143345,-0.2728622180104051,-0.4043151723905446,0.06981068469112184,-0.36555787129510386,-0.23238348934154954,0.12471498628572701,-0.38550279894072575,-0.2083700502292029,0.19035460674658872,-0.40062174860702404,-0.43482371739010345,-0.16699627644324572,-0.25155557692257563,-0.4379842736004013,-0.2327785832503293,-0.3489128458045266,-0.2162416941140743,-0.11759900460900806,-0.3403080691345904,-0.19242311988194044,-0.06467865766569832,-0.3331319358488268,-0.38826973677350496,-0.4308096764116664,-0.23767145420741542,-0.4134463183089835,-0.5148785600181768,-0.33990502653324944,-0.21368055709986636,-0.35777689409912844,-0.3017734415425441,-0.19344542902828193,-0.25701585364400137,-0.2714327700039794,-0.3197742437288642,-0.6452145885992907,-0.23563671082420268,-0.3376588995216058,-0.7354094271562738,-0.3041887468689952,-0.20664298951908888,-0.5926229176551386,-0.2749249768775223,-0.1870890107585185,-0.47888961094008126,-0.25206456145391215
3,0.0,0.0,0.0,-0.06232925821652637,0.26018528508157623,-0.15997259430149421,-0.1495793743869908,0.5036934329299275,-0.285428320709952,-0.17407383131175455,0.7416962090274026,-0.3917497885840634,-0.18233422965735072,0.9999967274372512,-0.4867801630574376,-0.4394835043004167,0.14066698819143345,-0.2728622180104051,-0.4043151723905446,0.06981068469112184,-0.36555787129510386,-0.23238348934154954,0.12471498628572701,-0.38550279894072575,-0.2083700502292029,0.19035460674658872,-0.40062174860702404,-0.43482371739010345,-0.16699627644324572,-0.25155557692257563,-0.4379842736004013,-0.2327785832503293,-0.3489128458045266,-0.2162416941140743,-0.11759900460900806,-0.3403080691345904,-0.19242311988194044,-0.06467865766569832,-0.3331319358488268,-0.38826973677350496,-0.4308096764116664,-0.23767145420741542,-0.4134463183089835,-0.5148785600181768,-0.33990502653324944,-0.21368055709986636,-0.35777689409912844,-0.3017734415425441,-0.19344542902828193,-0.25701585364400137,-0.2714327700039794,-0.3197742437288642,-0.6452145885992907,-0.23563671082420268,-0.3376588995216058,-0.7354094271562738,-0.3041887468689952,-0.20664298951908888,-0.5926229176551386,-0.2749249768775223,-0.1870890107585185,-0.47888961094008126,-0.25206456145391215
3,0.0,0.0,0.0,-0.05949667352106877,0.23855340950425208,-0.14686695691352677,-0.15006272709233542,0.48181686532289314,-0.2611610085154606,-0.18401377232093816,0.7391897770401764,-0.3579824765445206,-0.19668351596195638,0.9999971083007874,-0.4454820533166189,-0.4083026030926127,0.13291820676839677,-0.24578898201761323,-0.3767687163341308,0.07184152100434472,-0.32233805013513356,-0.22109812643632967,0.13401578699784122,-0.3384604187076288,-0.19910705170413898,0.21109425487584185,-0.35194229501881247,-0.4021238882582651,-0.1392466151374919,-0.2223488876577624,-0.4011859121890696,-0.1964435926454698,-0.30486630681094357,-0.2060455237073608,-0.09404166684493935,-0.29929907757003377,-0.18329934549131388,-0.030290318706433905,-0.29416625689865694,-0.35967762720854757,-0.3699581344895534,-0.20408155809902673,-0.3769517612781744,-0.4386244634419468,-0.2870602306899469,-0.20093457104660123,-0.312245115020684,-0.2543056134077463,-0.18177759049040854,-0.21234540671088228,-0.22969628068710812,-0.29877674732295556,-0.5524249874387478,-0.1967792153260364,-0.3111446908726174,-0.625391838423941,-0.25125859159733405,-0.19792208561157762,-0.5116367309457421,-0.22448469208783303,-0.1825475168228408,-0.4074789870237684,-0.20394838945506089
3,0.0,0.0,0.0,-0.05949667352106877,0.23855340950425208,-0.14686695691352677,-0.15006272709233542,0.48181686532289314,-0.2611610085154606,-0.18401377232093816,0.7391897770401764,-0.3579824765445206,-0.19668351596195638,0.9999971083007874,-0.4454820533166189,-0.4083026030926127,0.13291820676839677,-0.24578898201761323,-0.3767687163341308,0.07184152100434472,-0.32233805013513356,-0.22109812643632967,0.13401578699784122,-0.3384604187076288,-0.19910705170413898,0.21109425487584185,-0.35194229501881247,-0.4021238882582651,-0.1392466151374919,-0.2223488876577624,-0.4011859121890696,-0.1964435926454698,-0.30486630681094357,-0.2060455237073608,-0.09404166684493935,-0.29929907757003377,-0.18329934549131388,-0.030290318706433905,-0.29416625689865694,-0.35967762720854757,-0.3699581344895534,-0.20408155809902673,-0.3769517612781744,-0.4386244634419468,-0.2870602306899469,-0.20093457104660123,-0.312245115020684,-0.2543056134077463,-0.18177759049040854,-0.21234540671088228,-0.22969628068710812,-0.29877674732295556,-0.5524249874387478,-0.1967792153260364,-0.3111446908726174,-0.625391838423941,-0.25125859159733405,-0.19792208561157762,-0.5116367309457421,-0.22448469208783303,-0.1825475168228408,-0.4074789870237684,-0.20394838945506089
3,0.0,0.0,0.0,-0.07519675099042032,0.2775044572940059,-0.15374457524858776,-0.16884141013563378,0.5165782751531389,-0.27772085906034505,-0.18743077846391024,0.7455831317253947,-0.38446856312956346,-0.18902279812582173,0.9999966853241817,-0.4823475194194318,-0.4587930784906867,0.14339349544927513,-0.2683881920493463,-0.4242119931762549,0.06316078203985595,-0.3594984963651197,-0.251743986749476,0.12604387933972472,-0.38034880723571435,-0.22759637950973816,0.19744333349446141,-0.3961534747536499,-0.45243942245849367,-0.16844943110743418,-0.25027148542852395,-0.45399726249748246,-0.24831584959836442,-0.3461867433534564,-0.23027266374158886,-0.12371650385978959,-0.34114803964967105,-0.20273475402004398,-0.05921481372296253,-0.33638793444746845,-0.40392391734573035,-0.435038734484634,-0.23832306471730982,-0.4259865675871868,-0.529325792727726,-0.34167898452916096,-0.21863341550101684,-0.35687270284158673,-0.3073172760864213,-0.19058202115533346,-0.23909169795089316,-0.27823515866104165,-0.33377113036233413,-0.6517188734421552,-0.23719602622619862,-0.35161901820027136,-0.7512827320253022,-0.30670562383141753,-0.2129352969766697,-0.5956059098919415,-0.27652109008548587,-0.1847432327378018,-0.4681731129270942,-0.2521327684059886
3,0.0,0.0,0.0,-0.06501210034827819,0.2582741611276527,-0.14725794065649309,-0.15367176745097036,0.4965782582825722,-0.26486819637705067,-0.1777257542952804,0.7423512692165245,-0.3654910600068343,-0.18805840908869648,0.9999969076654718,-0.45687908691936147,-0.4170434133886753,0.1535099366850163,-0.25202387003601456,-0.38571570499898306,0.07566500679983229,-0.334199800402982,-0.22861618498030442,0.1289877833879462,-0.3502602597807912,-0.21403409019933584,0.19462785346242656,-0.36443001327214136,-0.4131382784931526,-0.1306896790342297,-0.23303755464595596,-0.4247467790290904,-0.21084908378055867,-0.3238512021457219,-0.21783084640421957,-0.10398262607927854,-0.31683713787999557,-0.20024916861056696,-0.045968692612257965,-0.3107763406902017,-0.37232098356001464,-0.3771610689797993,-0.22011026238974324,-0.40244657320761973,-0.4721910253962975,-0.31424229306001017,-0.21137789069117624,-0.3279455314271496,-0.27914464666184235,-0.1941982093673936,-0.22512226242970604,-0.25239589187227035,-0.311498788646438,-0.5777344520747777,-0.2179037745445474,-0.32399496226760904,-0.6651863787515997,-0.28266359031321325,-0.19972017738244832,-0.5318294411591451,-0.2571612365453644,-0.18474143133914125,-0.4190674038681077,-0.23770154773313998
3,0.0,0.0,0.0,-0.06501210034827819,0.2582741611276527,-0.14725794065649309,-0.15367176745097036,0.4965782582825722,-0.26486819637705067,-0.1777257542952804,0.7423512692165245,-0.3654910600068343,-0.18805840908869648,0.9999969076654718,-0.45687908691936147,-0.4170434133886753,0.1535099366850163,-0.25202387003601456,-0.38571570499898306,0.07566500679983229,-0.334199800402982,-0.22861618498030442,0.1289877833879462,-0.3502602597807912,-0.21403409019933584,0.19462785346242656,-0.36443001327214136,-0.4131382784931526,-0.1306896790342297,-0.23303755464595596,-0.4247467790290904,-0.21084908378055867,-0.3238512021457219,-0.21783084640421957,-0.10398262607927854,-0.31683713787999557,-0.20024916861056696,-0.045968692612257965,-0.3107763406902017,-0.37232098356001464,-0.3771610689797993,-0.22011026238974324,-0.40244657320761973,-0.4721910253962975,-0.31424229306001017,-0.21137789069117624,-0.3279455314271496,-0.27914464666184235,-0.1941982093673936,-0.22512226242970604,-0.25239589187227035,-0.311498788646438,-0.5777344520747777,-0.2179037745445474,-0.32399496226760904,-0.6651863787515997,-0.28266359031321325,-0.19972017738244832,-0.5318294411591451,-0.2571612365453644,-0.18474143133914125,-0.4190674038681077,-0.23770154773313998
3,0.0,0.0,0.0,-0.07965920265128314,0.2849735780302503,-0.14808265297343925,-0.174020690078482,0.5221335222219812,-0.26994620993816953,-0.18931556938226018,0.7478237609007206,-0.37534046047959546,-0.19586983518201467,0.9999965152168264,-0.47176886278473307,-0.46764660517590306,0.1641692474349531,-0.27220146519049987,-0.41815447278159795,0.07522211737115779,-0.36393395050992766,-0.25356648347206695,0.12633583598313627,-0.37835512676178246,-0.2504435747001035,0.18834182835645608,-0.3908630150994806,-0.46625183747362603,-0.15427335500910289,-0.25751932821311296,-0.4585607788764684,-0.24385410218023937,-0.3594934120633019,-0.227799941664894,-0.12388538595072926,-0.3506949774931395,-0.2161210729238769,-0.07157702751155103,-0.3435428465429693,-0.4185318805128023,-0.4313862798288063,-0.248157326484618,-0.44021942780957823,-0.5385753720770584,-0.35924618611279774,-0.22204099463386903,-0.3679222722825701,-0.3210849575163616,-0.20658368668628138,-0.25620605278860253,-0.28947280198810044,-0.3503369829336678,-0.6602253909374072,-0.2485567254340619,-0.36009994143108054,-0.7717511410370355,-0.32531646255325114,-0.2148166587510847,-0.6198227197546424,-0.29681122218368833,-0.19577615830431894,-0.4995560445870956,-0.2739732511691128
3,0.0,0.0,0.0,-0.06804390972463545,0.2600418695176827,-0.149874754987004,-0.16022035415339433,0.49745787944914927,-0.2704175168407884,-0.18566246551012452,0.7420932500074593,-0.3736631285567292,-0.19842165424066932,0.9999968715576864,-0.46759926416782727,-0.43181737759514577,0.1602339664409695,-0.2535126639735502,-0.39718436154948866,0.08333349218661602,-0.34098105167209986,-0.24331292749689945,0.13542883555487928,-0.3605832585719738,-0.23392828079714265,0.19854472423792413,-0.37666706207305667,-0.42925733518255316,-0.1309362212460007,-0.23511731223425608,-0.43457918021535913,-0.20901770129976824,-0.33076729079197364,-0.22467882462467334,-0.09911684639515826,-0.32556641797237834,-0.2103115212633325,-0.04588869964307243,-0.3194950113918982,-0.3887760701612866,-0.3823024018359914,-0.22341163065066627,-0.41080653201835954,-0.47116639864166815,-0.32138150196534837,-0.21597889463691597,-0.3260038451220912,-0.2858842455109388,-0.2026323263740187,-0.23381015224674734,-0.25792542263648277,-0.32712266327895295,-0.5854893823112743,-0.22262855117570943,-0.33497508851288754,-0.6632928360530617,-0.2877403648331725,-0.20788349939324957,-0.5337015274664553,-0.2607453105660065,-0.19503349992230617,-0.4364649482187497,-0.2399527277646548
3,0.0,0.0,0.0,-0.06382012153057523,0.2427967319010038,-0.1569506685550553,-0.15788783970879602,0.4958692282048564,-0.27762266643090333,-0.19524539137757907,0.7534105136566612,-0.3781315054469416,-0.20984083572069376,0.9999971045863602,-0.4681367311811403,-0.42838781982119534,0.13801109909991968,-0.25075651800177945,-0.3719203009344509,0.06772716244818122,-0.33028749064390445,-0.21649535185400218,0.11901607022954987,-0.3506559982519733,-0.1959074086468903,0.192012966076693,-0.36786808052134917,-0.4225972396759401,-0.14059384660875102,-0.2232635802165608,-0.3936219035364703,-0.19324165010924282,-0.3075644079936853,-0.20443183017983035,-0.09311498972795162,-0.30544313967623515,-0.18772538603530411,-0.02906248909072166,-0.3034801488843629,-0.3768557466768289,-0.37440010441274413,-0.20196227715994478,-0.3709588571890565,-0.4378860245767862,-0.2874190464568415,-0.19873340780877014,-0.3164052516278234,-0.2566044378857544,-0.1824910315571474,-0.2251036473162658,-0.23377049409284129,-0.30775795306262327,-0.5624171508195643,-0.19243315899367472,-0.31050128635588997,-0.6350571510168286,-0.24794898491075892,-0.19860034855052225,-0.5183137881437854,-0.22209066112930453,-0.18626104387417125,-0.4202449728926471,-0.20208964127484355
3,0.0,0.0,0.0,-0.06382012153057523,0.2427967319010038,-0.1569506685550553,-0.15788783970879602,0.4958692282048564,-0.27762266643090333,-0.19524539137757907,0.7534105136566612,-0.3781315054469416,-0.20984083572069376,0.9999971045863602,-0.4681367311811403,-0.42838781982119534,0.13801109909991968,-0.25075651800177945,-0.3719203009344509,0.06772716244818122,-0.33028749064390445,-0.21649535185400218,0.11901607022954987,-0.3506559982519733,-0.1959074086468903,0.192012966076693,-0.36786808052134917,-0.4225972396759401,-0.14059384660875102,-0.2232635802165608,-0.3936219035364703,-0.19324165010924282,-0.3075644079936853,-0.20443183017983035,-0.09311498972795162,-0.30544313967623515,-0.18772538603530411,-0.02906248909072166,-0.3034801488843629,-0.3768557466768289,-0.37440010441274413,-0.20196227715994478,-0.3709588571890565,-0.4378860245767862,-0.2874190464568415,-0.19873340780877014,-0.3164052516278234,-0.2566044378857544,-0.1824910315571474,-0.2251036473162658,-0.23377049409284129,-0.30775795306262327,-0.5624171508195643,-0.19243315899367472,-0.31050128635588997,-0.6350571510168286,-0.24794898491075892,-0.19860034855052225,-0.5183137881437854,-0.22209066112930453,-0.18626104387417125,-0.4202449728926471,-0.20208964127484355
3,0.0,0.0,0.0,-0.06555093218970712,0.2453515630965197,-0.15354555406006984,-0.1575033369933466,0.4804915861524889,-0.27327840826003563,-0.1874445686400495,0.735716327306486,-0.37446981146484254,-0.2024328452200121,0.9999969610427858,-0.4668524594699245,-0.42733307102485296,0.1333606298659892,-0.2557752625806407,-0.39126274172223685,0.07446970484632132,-0.34110359306134597,-0.24087678021116699,0.13225479479818325,-0.36166297795629204,-0.2282061383064832,0.1958230127123451,-0.37835726098289624,-0.4237487525446328,-0.14933256530520164,-0.2331052361346968,-0.4182213885652554,-0.20893526410029026,-0.3260743118272516,-0.21613578099061334,-0.10001340809684744,-0.3228561597007693,-0.19763473463670136,-0.045520736017217275,-0.3181337186669386,-0.3809177044753026,-0.39184210510706524,-0.21703661937403615,-0.39331573675229625,-0.46504630353221926,-0.3126405893849921,-0.20961398056205421,-0.3243623465914725,-0.28198751603688155,-0.1947791261446521,-0.23159836209556364,-0.25662771107506793,-0.3189619589237302,-0.587771625766973,-0.21214406902684707,-0.32451902920140735,-0.6571620970119271,-0.2777174847182399,-0.20319615217754433,-0.5328139776645651,-0.254501242769107,-0.1873722953899177,-0.4341778368794396,-0.23547456248605672
3,0.0,0.0,0.0,-0.06555093218970712,0.2453515630965197,-0.15354555406006984,-0.1575033369933466,0.4804915861524889,-0.27327840826003563,-0.1874445686400495,0.735716327306486,-0.37446981146484254,-0.2024328452200121,0.9999969610427858,-0.4668524594699245,-0.42733307102485296,0.1333606298659892,-0.2557752625806407,-0.39126274172223685,0.07446970484632132,-0.34110359306134597,-0.24087678021116699,0.13225479479818325,-0.36166297795629204,-0.2282061383064832,0.1958230127123451,-0.37835726098289624,-0.4237487525446328,-0.14933256530520164,-0.2331052361346968,-0.4182213885652554,-0.20893526410029026,-0.3260743118272516,-0.21613578099061334,-0.10001340809684744,-0.3228561597007693,-0.19763473463670136,-0.045520736017217275,-0.3181337186669386,-0.3809177044753026,-0.39184210510706524,-0.21703661937403615,-0.39331573675229625,-0.46504630353221926,-0.3126405893849921,-0.20961398056205421,-0.3243623465914725,-0.28198751603688155,-0.1947791261446521,-0.23159836209556364,-0.25662771107506793,-0.3189619589237302,-0.587771625766973,-0.21214406902684707,-0.32451902920140735,-0.6571620970119271,-0.2777174847182399,-0.20319615217754433,-0.5328139776645651,-0.254501242769107,-0.1873722953899177,-0.4341778368794396,-0.23547456248605672
3,0.0,0.0,0.0,-0.0636639347570714,0.25041409141108856,-0.1514902137294934,-0.15449753371631422,0.486524368070251,-0.26968836776923744,-0.18571812800565698,0.7357658832320287,-0.3696300077165255,-0.20078651811677778,0.9999969885089919,-0.460525085032506,-0.4178237852814097,0.14074011346923349,-0.2584424281443172,-0.3943900306815201,0.06802566710611518,-0.3424883004605202,-0.2421934927462875,0.1278535319016065,-0.3585087973562421,-0.2306624865073701,0.19446968427404954,-0.37184010976653253,-0.4118827322849014,-0.1398011549755259,-0.23603603522264133,-0.4220610351767379,-0.21333923182007744,-0.32860796837467704,-0.21869332357123605,-0.103870510815243,-0.32164069800513534,-0.2030821289323057,-0.04904940749269879,-0.3146494869762363,-0.36932481101772147,-0.3818231365689291,-0.21981265974968503,-0.39343509679000327,-0.4622678804831871,-0.3147019679530281,-0.20862666896521231,-0.32053863859117104,-0.2810451928098502,-0.19499426966840253,-0.22711630719142906,-0.2544388184419487,-0.3095132806177429,-0.5779203369321484,-0.21443976549380153,-0.32464575181895233,-0.6569163456136184,-0.279867433531194,-0.20393492797715465,-0.5309640655501596,-0.25573684195130353,-0.18830362946682397,-0.4289513678509315,-0.23660760444145004
3,0.0,0.0,0.0,-0.07801708668560495,0.2791904503386888,-0.17109506046853623,-0.16937471053207304,0.5215847337980046,-0.3121656506420277,-0.19436145342506359,0.7506967059632504,-0.4324347401916577,-0.20945661262850487,0.9999965359292767,-0.540846864954093,-0.47888070618619033,0.15187215950638658,-0.30217410738594946,-0.41712969675574,0.07399650799366538,-0.40268418709695875,-0.24180954709492647,0.12843604164749364,-0.42187482369155643,-0.22779280527538562,0.19792758129143073,-0.4370339126255147,-0.47954555473609634,-0.16458811068480692,-0.2824641869084282,-0.4491184098426479,-0.23219319418706189,-0.38415943142579173,-0.22248103701610522,-0.11147063456670799,-0.37387487475406583,-0.21531347410882623,-0.0704681649983022,-0.3682145255741709,-0.43007049888783977,-0.43911667189801323,-0.26993303059092894,-0.4252856540755657,-0.5291672076248601,-0.3809034543755822,-0.21670119060072637,-0.35984927763664554,-0.33980125752469054,-0.20692874281592732,-0.2569590091457669,-0.3091286142070687,-0.35191837774520424,-0.6649044013137287,-0.2698128106939778,-0.3504511684919023,-0.7649794904401062,-0.3440403380731326,-0.2068060968411931,-0.6054032435056547,-0.30994044693755374,-0.1887765191311479,-0.48225790969753757,-0.2843329378441618
3,0.0,0.0,0.0,-0.07801708668560495,0.2791904503386888,-0.17109506046853623,-0.16937471053207304,0.5215847337980046,-0.3121656506420277,-0.19436145342506359,0.7506967059632504,-0.4324347401916577,-0.20945661262850487,0.9999965359292767,-0.540846864954093,-0.47888070618619033,0.15187215950638658,-0.30217410738594946,-0.41712969675574,0.07399650799366538,-0.40268418709695875,-0.24180954709492647,0.12843604164749364,-0.42187482369155643,-0.22779280527538562,0.19792758129143073,-0.4370339126255147,-0.47954555473609634,-0.16458811068480692,-0.2824641869084282,-0.4491184098426479,-0.23219319418706189,-0.38415943142579173,-0.22248103701610522,-0.11147063456670799,-0.37387487475406583,-0.21531347410882623,-0.0704681649983022,-0.3682145255741709,-0.43007049888783977,-0.43911667189801323,-0.26993303059092894,-0.4252856540755657,-0.5291672076248601,-0.3809034543755822,-0.21670119060072637,-0.35984927763664554,-0.33980125752469054,-0.20692874281592732,-0.2569590091457669,-0.3091286142070687,-0.35191837774520424,-0.6649044013137287,-0.2698128106939778,-0.3504511684919023,-0.7649794904401062,-0.3440403380731326,-0.2068060968411931,-0.6054032435056547,-0.30994044693755374,-0.1887765191311479,-0.48225790969753757,-0.2843329378441618
3,0.0,0.0,0.0,-0.07772714616658716,0.27530417697258275,-0.17006356689644728,-0.1741321669012319,0.51496590956285,-0.3099383597695021,-0.19981540723868657,0.7486039950463402,-0.42986803876641133,-0.21329734611818785,0.9999965317948929,-0.5380900405318367,-0.48705173475350755,0.15624644771644655,-0.29251698793066544,-0.4191438424244547,0.08214208941307599,-0.3944673547496326,-0.24622058071147332,0.1321307737337292,-0.41557154110080324,-0.23566167865855595,0.19874624553662915,-0.4315126862637733,-0.49131535813033167,-0.16067441439434096,-0.27411415583062554,-0.45399681879823245,-0.22742322132829795,-0.37580397650105624,-0.22808679616658187,-0.11203944341590025,-0.3657468383192368,-0.2237524741621275,-0.07287839862161273,-0.35904969375977164,-0.44357745351037475,-0.4371442918382891,-0.2639972494011055,-0.4275631807464567,-0.5216988168783973,-0.3778865110392889,-0.21878103762446727,-0.3548170836502339,-0.3384760313573863,-0.21204151523265058,-0.2514589975929478,-0.30707209373418415,-0.3650056447926262,-0.6691236469472029,-0.26630518749519294,-0.354289014514908,-0.7636921571325287,-0.34267128171933114,-0.2112016072675579,-0.5991413080442626,-0.3095548403867214,-0.19733330658969134,-0.4697689177543468,-0.2833505852726188
3,0.0,0.0,0.0,-0.06610652379128684,0.25821546534873185,-0.15805129152471653,-0.15490483869867244,0.5033609584910896,-0.28211354836929337,-0.18734488101203978,0.7557337809432244,-0.3872122493928632,-0.2017528286482683,0.9999969146446582,-0.4816504098076257,-0.42388249621539686,0.15741739306749755,-0.2647294076719723,-0.3891617073854939,0.09655960224899297,-0.3548226650560702,-0.22778942041287145,0.14981104274735296,-0.3750172575793583,-0.20932276646960027,0.21257920244295586,-0.39037310255683566,-0.4219564957100205,-0.12453617103366829,-0.24247845146100577,-0.4170911973838256,-0.17918655031216757,-0.33419659361692805,-0.2124553447765402,-0.0741296868819304,-0.3258663839690622,-0.19905021206973186,-0.026722820246013645,-0.32024028509949465,-0.37920049824062424,-0.3744527129787792,-0.22783984535692006,-0.3945057013400182,-0.45312026154985463,-0.32470660910157856,-0.20690593283629014,-0.30424656479466283,-0.2869496063555326,-0.191830054918812,-0.2057237219846896,-0.2589549692475829,-0.3130761360029494,-0.5821848233449465,-0.225177664122709,-0.3213594277782922,-0.6664661493844761,-0.2930498033157008,-0.19655264567390285,-0.5223640531365649,-0.26508790067638055,-0.1784092905837255,-0.4039434348390792,-0.2430122255913271
3,0.0,0.0,0.0,-0.06610652379128684,0.25821546534873185,-0.15805129152471653,-0.15490483869867244,0.5033609584910896,-0.28211354836929337,-0.18734488101203978,0.7557337809432244,-0.3872122493928632,-0.2017528286482683,0.9999969146446582,-0.4816504098076257,-0.42388249621539686,0.15741739306749755,-0.2647294076719723,-0.3891617073854939,0.09655960224899297,-0.3548226650560702,-0.22778942041287145,0.14981104274735296,-0.3750172575793583,-0.20932276646960027,0.21257920244295586,-0.39037310255683566,-0.4219564957100205,-0.12453617103366829,-0.24247845146100577,-0.4170911973838256,-0.17918655031216757,-0.33419659361692805,-0.2124553447765402,-0.0741296868819304,-0.3258663839690622,-0.19905021206973186,-0.026722820246013645,-0.32024028509949465,-0.37920049824062424,-0.3744527129787792,-0.22783984535692006,-0.3945057013400182,-0.45312026154985463,-0.32470660910157856,-0.20690593283629014,-0.30424656479466283,-0.2869496063555326,-0.191830054918812,-0.2057237219846896,-0.2589549692475829,-0.3130761360029494,-0.5821848233449465,-0.225177664122709,-0.3213594277782922,-0.6664661493844761,-0.2930498033157008,-0.19655264567390285,-0.5223640531365649,-0.26508790067638055,-0.1784092905837255,-0.4039434348390792,-0.2430122255913271
3,0.0,0.0,0.0,-0.06389334116240343,0.2509733112185801,-0.15015951786999182,-0.15098385093068803,0.4899171233925441,-0.26911767676745524,-0.18197831698480146,0.7434632197417761,-0.370165913358409,-0.1984095162018067,0.9999969553380929,-0.4605624393162619,-0.41880140072279187,0.14650502346193664,-0.25537125605231964,-0.3885584267492335,0.08565975305176775,-0.33692484258375904,-0.23127681448758602,0.1425294289174497,-0.35146268009756665,-0.21865588518686543,0.20406285628716098,-0.3644057292830941,-0.4135220826557965,-0.13569386348585635,-0.23496677610971836,-0.41505736954338307,-0.18699794290804553,-0.3211959554536285,-0.2133141393788145,-0.07935772703500941,-0.31124499167697617,-0.20201235905987483,-0.03244500365369731,-0.3055649292518823,-0.3686387145487677,-0.3827744239500421,-0.22087201222901273,-0.3952483576976959,-0.46070257386247904,-0.3131219751719463,-0.2092033452207044,-0.3111022051525376,-0.2755427208219113,-0.1945250226050229,-0.2123636588736449,-0.24859430736596155,-0.3033777703148687,-0.5846020404506305,-0.21777040605930323,-0.32087314474568096,-0.6689729510111878,-0.2824972891348918,-0.19749905115274974,-0.527305351577089,-0.25446702924046843,-0.1795409129437642,-0.4102870916323782,-0.23317288593432908
3,0.0,0.0,0.0,-0.07196423708667647,0.2677786955745812,-0.15928509639146604,-0.15813277956203234,0.5125250236423374,-0.2872347658536442,-0.18380732315366294,0.7540815122190692,-0.3964968263885975,-0.19685491507461178,0.9999968310856143,-0.4946309501546125,-0.4364464640359286,0.14545133542965233,-0.27116225205213995,-0.39606518889229997,0.08411548939934392,-0.358401165303532,-0.23498452770210457,0.13811931332149355,-0.3729465916136225,-0.2242771839629293,0.2058080170875383,-0.38539117769758086,-0.4342892425279354,-0.1453974096140029,-0.25014244603908564,-0.42093263962834393,-0.19280207365118032,-0.34087237115646885,-0.21104732089626524,-0.0827663995980269,-0.3299097769825362,-0.2039863444814757,-0.04066828136737398,-0.32361452826176684,-0.3884562657482671,-0.4008357819776152,-0.23616151724491552,-0.39946922058979184,-0.4744368706174192,-0.3349512740997085,-0.20567419417900024,-0.31807051567168604,-0.29666687265986996,-0.194005252094917,-0.21833401132051558,-0.26860344376727235,-0.3184418577157027,-0.6119125684684209,-0.23392997066351406,-0.32769027676109114,-0.7012850221450145,-0.302459270232784,-0.19836861555312135,-0.5521158275478124,-0.27300942373040105,-0.18111858765184313,-0.4293242898478627,-0.2504124292711133
3,0.0,0.0,0.0,-0.07196423708667647,0.2677786955745812,-0.15928509639146604,-0.15813277956203234,0.5125250236423374,-0.2872347658536442,-0.18380732315366294,0.7540815122190692,-0.3964968263885975,-0.19685491507461178,0.9999968310856143,-0.4946309501546125,-0.4364464640359286,0.14545133542965233,-0.27116225205213995,-0.39606518889229997,0.08411548939934392,-0.358401165303532,-0.23498452770210457,0.13811931332149355,-0.3729465916136225,-0.2242771839629293,0.2058080170875383,-0.38539117769758086,-0.4342892425279354,-0.1453974096140029,-0.25014244603908564,-0.42093263962834393,-0.19280207365118032,-0.34087237115646885,-0.21104732089626524,-0.0827663995980269,-0.3299097769825362,-0.2039863444814757,-0.04066828136737398,-0.32361452826176684,-0.3884562657482671,-0.4008357819776152,-0.23616151724491552,-0.39946922058979184,-0.4744368706174192,-0.3349512740997085,-0.20567419417900024,-0.31807051567168604,-0.29666687265986996,-0.194005252094917,-0.21833401132051558,-0.26860344376727235,-0.3184418577157027,-0.6119125684684209,-0.23392997066351406,-0.32769027676109114,-0.7012850221450145,-0.302459270232784,-0.19836861555312135,-0.5521158275478124,-0.27300942373040105,-0.18111858765184313,-0.4293242898478627,-0.2504124292711133
3,0.0,0.0,0.0,-0.06883292691539906,0.2640664329479452,-0.16176266483196866,-0.15575267868318696,0.5094378787888646,-0.2907242672856739,-0.18470135324102194,0.753926477962344,-0.4007254024159359,-0.19830513186821322,0.9999968283277871,-0.5004132532191766,-0.43659338735888803,0.15029472019589346,-0.2717359746958787,-0.3942292243838768,0.09358344816620183,-0.35998918884581255,-0.238199403684744,0.14889728923963724,-0.3763440178833366,-0.23244331903159335,0.21122475158973741,-0.39024282704165714,-0.4339047695207013,-0.14273863028706185,-0.25010651491319175,-0.4192629371352845,-0.19341828254201957,-0.34308009940719625,-0.211889438716658,-0.08062772058311853,-0.3341106277524799,-0.20493971512170514,-0.036806860606831276,-0.328454690427397,-0.3881617803171772,-0.3979698854135632,-0.2357281423108394,-0.3946859604756402,-0.47063364848934863,-0.33873068535288664,-0.20205808091361346,-0.3098135811721725,-0.30302903723631686,-0.19013511378967896,-0.20823725140011118,-0.2751675921303622,-0.31950050752898057,-0.6074503059111231,-0.23301175828329934,-0.32544110146423433,-0.6939038692673677,-0.30443043816688065,-0.19601256622880314,-0.5428823602035999,-0.2767016563690365,-0.17776788763609047,-0.4230864004862426,-0.2546897557280559
3,0.0,0.0,0.0,-0.07668931931243066,0.2782782436903325,-0.16499261063202275,-0.1671682175353756,0.5236610525425431,-0.30216343313015465,-0.19220082716199463,0.7539010966419293,-0.4200051552043222,-0.20843680911320575,0.9999965711084181,-0.5263056337105256,-0.4714282016560862,0.1680106630937509,-0.29285348490026974,-0.40633385174280784,0.10403732576846107,-0.39131326209882633,-0.2371418845909761,0.15315259670648115,-0.40830848227023864,-0.22880265457681126,0.21707259140907909,-0.4215691823613241,-0.47325799667892315,-0.14209136010104476,-0.2748141237652367,-0.44063234062223156,-0.20184848426609606,-0.37371849946125824,-0.21724488194903796,-0.08909801917996515,-0.3598592787933406,-0.2129139106177592,-0.05361444525196327,-0.35127847414307695,-0.42504668903655907,-0.41522244945733966,-0.2641121323515116,-0.41615727381056833,-0.4961741713274356,-0.3738999359106633,-0.2108709494820194,-0.33455563033066327,-0.33138438388571106,-0.20443509052199071,-0.23327485101261144,-0.29908624335723305,-0.3486410462003596,-0.6438644630324811,-0.2654981463883425,-0.34235520059303526,-0.7410781228426075,-0.3393771167774764,-0.20200973840136002,-0.5853553722983417,-0.305725177273094,-0.18744699802861048,-0.46020734593830354,-0.27991138435304946
3,0.0,0.0,0.0,-0.07668931931243066,0.2782782436903325,-0.16499261063202275,-0.1671682175353756,0.5236610525425431,-0.30216343313015465,-0.19220082716199463,0.7539010966419293,-0.4200051552043222,-0.20843680911320575,0.9999965711084181,-0.5263056337105256,-0.4714282016560862,0.1680106630937509,-0.29285348490026974,-0.40633385174280784,0.10403732576846107,-0.39131326209882633,-0.2371418845909761,0.15315259670648115,-0.40830848227023864,-0.22880265457681126,0.21707259140907909,-0.4215691823613241,-0.47325799667892315,-0.14209136010104476,-0.2748141237652367,-0.44063234062223156,-0.20184848426609606,-0.37371849946125824,-0.21724488194903796,-0.08909801917996515,-0.3598592787933406,-0.2129139106177592,-0.05361444525196327,-0.35127847414307695,-0.42504668903655907,-0.41522244945733966,-0.2641121323515116,-0.41615727381056833,-0.4961741713274356,-0.3738999359106633,-0.2108709494820194,-0.33455563033066327,-0.33138438388571106,-0.20443509052199071,-0.23327485101261144,-0.29908624335723305,-0.3486410462003596,-0.6438644630324811,-0.2654981463883425,-0.34235520059303526,-0.7410781228426075,-0.3393771167774764,-0.20200973840136002,-0.5853553722983417,-0.305725177273094,-0.18744699802861048,-0.46020734593830354,-0.27991138435304946
3,0.0,0.0,0.0,-0.08043428865161144,0.2787009569017877,-0.17434099378109405,-0.1735499915409751,0.5265531259980294,-0.31809024217600895,-0.20168376020045367,0.7545600793664913,-0.4407903371015692,-0.2204810367801401,0.9999964596251627,-0.5504856517498968,-0.49684301713793505,0.15912194171547223,-0.30523009163973974,-0.42679780221546937,0.08930019992184894,-0.4089595020124066,-0.2473372735019308,0.14341277256494409,-0.4277051571434216,-0.2343944020341166,0.21111479048772588,-0.44156792968480135,-0.4962546856145994,-0.1648149143971609,-0.2850395371250378,-0.4599874657700691,-0.22693137023559184,-0.38941794807159946,-0.22877845266879002,-0.1072256358671519,-0.37677741949835447,-0.2216581218723804,-0.06864233545075289,-0.3682448714720156,-0.4443468790245209,-0.44608032568823697,-0.27275144297984555,-0.42910132693165715,-0.5267404087193208,-0.3879379133942843,-0.21748451323947812,-0.35702143032052513,-0.3449461096079267,-0.20959584848450863,-0.2519475937874669,-0.31101847299789476,-0.3642888439977686,-0.6802064122517936,-0.2731702704514884,-0.35464278149303624,-0.7767029111724915,-0.35010134347887645,-0.21240181845071865,-0.6112993487178181,-0.31538218678183183,-0.19922112430471248,-0.480714651225891,-0.28787758255449997
3,0.0,0.0,0.0,-0.09104974330078473,0.2891171363197303,-0.1722902389654089,-0.1953183127266999,0.532408912641874,-0.3155955295506273,-0.2260550550867074,0.7637082101156282,-0.4388170411115625,-0.2481811985206217,0.9999962794406596,-0.5496665825443029,-0.5241993714101725,0.1556450912736605,-0.30712619341210806,-0.44620457165992294,0.10198053361619108,-0.4132478667134782,-0.26473356031735595,0.16103813637728834,-0.43427589710442654,-0.257609657981366,0.2263911363340674,-0.44973995885403495,-0.5264870745759698,-0.17863888094993444,-0.2889724283111848,-0.473024099138131,-0.22474987119931888,-0.3952818791092241,-0.23431770846538535,-0.09974760581700408,-0.38410728851581283,-0.22747943638119325,-0.05924909478161547,-0.37684195707028556,-0.4698134199568191,-0.46922464020641275,-0.2781415974957768,-0.44644961935265326,-0.5469554315601053,-0.3973743757306541,-0.22355645567132953,-0.368684676555811,-0.35359380567133136,-0.21163139265876807,-0.25466043692650575,-0.3178779381339233,-0.3827673789587975,-0.7110092068963015,-0.27972473310431994,-0.3703216173195113,-0.8194978080586979,-0.3588556504661704,-0.22131931438240326,-0.6480652142572868,-0.32193009556868785,-0.20632039972374677,-0.50936755488407,-0.29191383223376566
3,0.0,0.0,0.0,-0.09104974330078473,0.2891171363197303,-0.1722902389654089,-0.1953183127266999,0.532408912641874,-0.3155955295506273,-0.2260550550867074,0.7637082101156282,-0.4388170411115625,-0.2481811985206217,0.9999962794406596,-0.5496665825443029,-0.5241993714101725,0.1556450912736605,-0.30712619341210806,-0.44620457165992294,0.10198053361619108,-0.4132478667134782,-0.26473356031735595,0.16103813637728834,-0.43427589710442654,-0.257609657981366,0.2263911363340674,-0.44973995885403495,-0.5264870745759698,-0.17863888094993444,-0.2889724283111848,-0.473024099138131,-0.22474987119931888,-0.3952818791092241,-0.23431770846538535,-0.09974760581700408,-0.38410728851581283,-0.22747943638119325,-0.05924909478161547,-0.37684195707028556,-0.4698134199568191,-0.46922464020641275,-0.2781415974957768,-0.44644961935265326,-0.5469554315601053,-0.3973743757306541,-0.22355645567132953,-0.368684676555811,-0.35359380567133136,-0.21163139265876807,-0.25466043692650575,-0.3178779381339233,-0.3827673789587975,-0.7110092068963015,-0.27972473310431994,-0.3703216173195113,-0.8194978080586979,-0.3588556504661704,-0.22131931438240326,-0.6480652142572868,-0.32193009556868785,-0.20632039972374677,-0.50936755488407,-0.29191383223376566
3,0.0,0.0,0.0,-0.08713572693504414,0.2882789486741603,-0.1701723127437759,-0.185162348058208,0.53129040632407,-0.31218821439793576,-0.2062595810167856,0.7583744093574555,-0.43441246261358674,-0.220625132536814,0.9999963118387586,-0.5444835988924475,-0.5129700853872987,0.15433910824554742,-0.3050376989165156,-0.4350125451069755,0.08604822030332503,-0.41100229957874,-0.25152355473638544,0.14445987880761393,-0.4321250329960359,-0.23498320978445947,0.21504448904523904,-0.4470327165743114,-0.5113650953088307,-0.17933879071418718,-0.28812457462949004,-0.46430070127110273,-0.2349513342110616,-0.3938796758334512,-0.227484755932036,-0.11339251606903378,-0.3831458787600863,-0.21329682829687296,-0.06926089461545072,-0.3759455989136459,-0.454185592590025,-0.4673875757652608,-0.2787206209824959,-0.43346976735451853,-0.548072785802279,-0.39748623208976486,-0.21487302044351256,-0.37432277234667183,-0.35672550748089193,-0.19910977998787263,-0.26278882203827464,-0.3224882563626063,-0.3682769653150286,-0.7106465637299705,-0.2813933878119074,-0.3617855597504372,-0.8187119020738275,-0.3615560307977987,-0.2154542550370572,-0.6493861082900745,-0.3267385343279015,-0.19683760118345606,-0.5100342351615844,-0.29783953494865417
3,0.0,0.0,0.0,-0.08286900842070692,0.2932807874150297,-0.1746500756937591,-0.1850428665037997,0.5393972057999807,-0.3159940952593959,-0.20824230032627028,0.763179821532278,-0.4373686766699976,-0.2231120594180693,0.9999963756223829,-0.5457708071876557,-0.5123525506131088,0.167760811315729,-0.29960227162783115,-0.44524118351727987,0.08849150645944918,-0.4053397293049853,-0.26375978331385497,0.14389967839838713,-0.423142929238074,-0.2529855160407206,0.21343727550874408,-0.4358177721598874,-0.5132998410248001,-0.1680931730713475,-0.2809309831866284,-0.47339007472225,-0.23474148041861076,-0.38874224536055163,-0.2366778629967625,-0.11161295354563229,-0.37712827048644937,-0.23230671722933657,-0.07136186025323668,-0.3678953214036947,-0.4610651459724633,-0.4583976107378989,-0.2712222015969064,-0.44037057699002946,-0.5378052826429104,-0.3929664639007822,-0.22198503226235808,-0.3633223819097598,-0.35283429498048147,-0.21562727700213544,-0.258525058659146,-0.3184399299728661,-0.3795566928568492,-0.7039901570023592,-0.2739975626756522,-0.36396906693767267,-0.8024185994611194,-0.3552369237458699,-0.2172526847689691,-0.6327525138498574,-0.3223084285417965,-0.20630235325740182,-0.5003038158864344,-0.294811110037616
3,0.0,0.0,0.0,-0.08286900842070692,0.2932807874150297,-0.1746500756937591,-0.1850428665037997,0.5393972057999807,-0.3159940952593959,-0.20824230032627028,0.763179821532278,-0.4373686766699976,-0.2231120594180693,0.9999963756223829,-0.5457708071876557,-0.5123525506131088,0.167760811315729,-0.29960227162783115,-0.44524118351727987,0.08849150645944918,-0.4053397293049853,-0.26375978331385497,0.14389967839838713,-0.423142929238074,-0.2529855160407206,0.21343727550874408,-0.4358177721598874,-0.5132998410248001,-0.1680931730713475,-0.2809309831866284,-0.47339007472225,-0.23474148041861076,-0.38874224536055163,-0.2366778629967625,-0.11161295354563229,-0.37712827048644937,-0.23230671722933657,-0.07136186025323668,-0.3678953214036947,-0.4610651459724633,-0.4583976107378989,-0.2712222015969064,-0.44037057699002946,-0.5378052826429104,-0.3929664639007822,-0.22198503226235808,-0.3633223819097598,-0.35283429498048147,-0.21562727700213544,-0.258525058659146,-0.3184399299728661,-0.3795566928568492,-0.7039901570023592,-0.2739975626756522,-0.36396906693767267,-0.8024185994611194,-0.3552369237458699,-0.2172526847689691,-0.6327525138498574,-0.3223084285417965,-0.20630235325740182,-0.5003038158864344,-0.294811110037616
3,0.0,0.0,0.0,-0.07065230896624797,0.26637991418665896,-0.16152480925417287,-0.1575497655592272,0.5100778530438638,-0.29087193404996065,-0.18804260003984422,0.7543176422295637,-0.40109964109376395,-0.20347139249502863,0.9999968391029205,-0.5006364725346494,-0.4433403938605773,0.15417205600107078,-0.26996689243858735,-0.3962048790017949,0.09392342406524438,-0.3592285620282322,-0.2356856756722585,0.1445069232292376,-0.37819869304376286,-0.2215131620732648,0.209133502342824,-0.3931471491246434,-0.4431229754742479,-0.13854553339298112,-0.24836185876732814,-0.42015933594413324,-0.18725827357338923,-0.33790578132059484,-0.2141654003169004,-0.08191755816364017,-0.3298503500353298,-0.20493284346795476,-0.03939040875513149,-0.3258886111701347,-0.397628272336906,-0.39326643371376574,-0.23419056979529382,-0.39948103872439544,-0.46789821508560164,-0.33260281687916027,-0.20817038034029747,-0.31387707080675775,-0.29706534359398545,-0.19420473449536754,-0.21459401975268833,-0.2706401075589958,-0.3267966026221437,-0.6033216091466445,-0.2320066360173621,-0.33157961871724173,-0.6916260679138937,-0.2996528861571113,-0.2031484677860438,-0.543958853512829,-0.27036692154497716,-0.18461025327888406,-0.42316796177714305,-0.24766064208048277
3,0.0,0.0,0.0,-0.06972413608548314,0.2693905980516458,-0.16715661716074218,-0.1592830922768254,0.5136918605557407,-0.30185199010221103,-0.1847952253194032,0.7541613359720388,-0.417200854333738,-0.19970765761952422,0.9999966930699775,-0.5211996261847813,-0.4506914858457166,0.16522571310552836,-0.2822797430094348,-0.398005793147236,0.09832949108118823,-0.37819256204518487,-0.23567757336427,0.14365555074036043,-0.39680518694470296,-0.22407104296932015,0.21046090579723786,-0.4105554681815704,-0.4531941710645312,-0.13606155582618623,-0.26100662298692684,-0.4276922876581965,-0.19574942549999794,-0.3577689791805166,-0.21364834556044576,-0.08880688913200645,-0.3476297236354412,-0.20910657405442656,-0.04676495090098888,-0.34079949909121693,-0.4087121295282986,-0.40144563020292967,-0.24778242404107428,-0.4083279652775725,-0.48456860326717627,-0.35427710551005037,-0.20820973088315725,-0.3286663140834522,-0.3155124884677569,-0.197282041780922,-0.22452222407240485,-0.2852188754792347,-0.33637374487566274,-0.6224679977151021,-0.24700135740996418,-0.33782998165573697,-0.7215018556254179,-0.3199504577682663,-0.2034552794250942,-0.5738564368690502,-0.2893182125669439,-0.18741400737950958,-0.4483741810670292,-0.26481702381448563
3,0.0,0.0,0.0,-0.06972413608548314,0.2693905980516458,-0.16715661716074218,-0.1592830922768254,0.5136918605557407,-0.30185199010221103,-0.1847952253194032,0.7541613359720388,-0.417200854333738,-0.19970765761952422,0.9999966930699775,-0.5211996261847813,-0.4506914858457166,0.16522571310552836,-0.2822797430094348,-0.398005793147236,0.09832949108118823,-0.37819256204518487,-0.23567757336427,0.14365555074036043,-0.39680518694470296,-0.22407104296932015,0.21046090579723786,-0.4105554681815704,-0.4531941710645312,-0.13606155582618623,-0.26100662298692684,-0.4276922876581965,-0.19574942549999794,-0.3577689791805166,-0.21364834556044576,-0.08880688913200645,-0.3476297236354412,-0.20910657405442656,-0.04676495090098888,-0.34079949909121693,-0.4087121295282986,-0.40144563020292967,-0.24778242404107428,-0.4083279652775725,-0.48456860326717627,-0.35427710551005037,-0.20820973088315725,-0.3286663140834522,-0.3155124884677569,-0.197282041780922,-0.22452222407240485,-0.2852188754792347,-0.33637374487566274,-0.6224679977151021,-0.24700135740996418,-0.33782998165573697,-0.7215018556254179,-0.3199504577682663,-0.2034552794250942,-0.5738564368690502,-0.2893182125669439,-0.18741400737950958,-0.4483741810670292,-0.26481702381448563
3,0.0,0.0,0.0,-0.06556775201811221,0.2618730024248392,-0.15337465131093622,-0.14581260601630677,0.5071386490472009,-0.2783904736627642,-0.17392846800541978,0.7486294953407544,-0.38538545920319955,-0.19233494175841384,0.9999969143129764,-0.4807665286740114,-0.4271387781925442,0.14535335458281262,-0.2652115714307051,-0.38512343339067495,0.09640454540775076,-0.34809944317763747,-0.22496478369636408,0.14865179879918583,-0.36125937852780665,-0.20936568434499378,0.21253391229588284,-0.37260665472329796,-0.4258060846054002,-0.13916587491696972,-0.2448049997496412,-0.40300628326254856,-0.1688845188913389,-0.32687150205502147,-0.20120233837958038,-0.0671987659196845,-0.31328017934511637,-0.19387160404389384,-0.03288742368909504,-0.30766152221469156,-0.3805112394788878,-0.3838188797592076,-0.2306585336494386,-0.3859404117116925,-0.44182323702378384,-0.31964436137969354,-0.19762893185120328,-0.2974691267494108,-0.2792523977463209,-0.18351260585058576,-0.20707522069780945,-0.25241846707136656,-0.31078741832074075,-0.5827513536748441,-0.2283249864426644,-0.3194828485461055,-0.6676129076561597,-0.2877012585071169,-0.19537405697149238,-0.52829713689686,-0.2552080240990937,-0.17943102482851853,-0.41296893109975735,-0.23224878599756751
3,0.0,0.0,0.0,-0.06188720858966876,0.24238621436033816,-0.14651180129067495,-0.14685530739857827,0.48385506368501047,-0.2658192662238205,-0.18023873665734697,0.7347706787577388,-0.3694193735835843,-0.19625628565242556,0.9999970476057254,-0.4617974431541589,-0.4055983532762977,0.12429284368903859,-0.2525051548578264,-0.37727688550821176,0.07158914013509973,-0.33193261433840865,-0.2219249090098721,0.12744616501535685,-0.33991758802622724,-0.20513112806153777,0.19584414889556204,-0.34678513349500717,-0.40155617509305475,-0.14577938761571596,-0.23407006391198076,-0.3968933281047488,-0.18382830350897036,-0.3153842104995327,-0.19959244647079386,-0.08300173838141466,-0.29660625151199027,-0.19324920072446494,-0.04672059353473259,-0.28438614150518965,-0.3591717283377822,-0.38240774176418574,-0.22249638125754714,-0.37937892374934523,-0.4404782859425674,-0.3111869751002815,-0.19887868614379195,-0.30940375127674496,-0.2692567234643363,-0.18736824501241464,-0.22497422827670857,-0.23908888918467625,-0.29635008500048526,-0.576326268771627,-0.22241283645595836,-0.3152601582793237,-0.6588197872752355,-0.2840927008382085,-0.1972443932057085,-0.5404349116774866,-0.2546956652400842,-0.18251604740481528,-0.4391522156900717,-0.23212636044752868
3,0.0,0.0,0.0,-0.06602991773332696,0.24937035545801897,-0.14460849289115393,-0.14812812540266967,0.4907379366264098,-0.2624437248244654,-0.17736753085963355,0.7430550268989534,-0.3653909776116667,-0.19140278994132703,0.9999970514697635,-0.4576253194782933,-0.406569264184006,0.13002293819818964,-0.240259756287544,-0.37133322613883935,0.08741364838415745,-0.3212079693687766,-0.21721057710113525,0.1404042601695603,-0.3362645109905223,-0.20388129009255834,0.19968869119381077,-0.34852567912409915,-0.40466048582052105,-0.14226198429176065,-0.22295974982814326,-0.3926496460343789,-0.16878127952675245,-0.3059830410174928,-0.19786022879682175,-0.07021900171012722,-0.29431723475700317,-0.19019435977584295,-0.03264501333170944,-0.28683730510703687,-0.36297772943179896,-0.37899048360104726,-0.2130318747562373,-0.3792843310758421,-0.42931731178868365,-0.3032201805573366,-0.19812261772018822,-0.295815215974001,-0.26532611459909217,-0.18393463527988424,-0.2106579717339172,-0.23692115161241897,-0.29913251143482056,-0.5734625033867626,-0.21453140636374493,-0.3152398170044514,-0.648934819566286,-0.27594256288047553,-0.1977387882435423,-0.5278045460217339,-0.24742474893103159,-0.18113095778861496,-0.42776652822553185,-0.22501140976878625
3,0.0,0.0,0.0,-0.06808435225877621,0.2652756944947392,-0.157091902148181,-0.14878829342276664,0.5109899581965569,-0.283017214593502,-0.17661937209159823,0.7524738773174602,-0.3893712334518032,-0.19332070768111345,0.9999969107075483,-0.48450095530276943,-0.42966207158935116,0.15227408336309056,-0.2701001076567472,-0.380717017932683,0.1052276578501418,-0.3551598361737313,-0.22629894496709058,0.15569201912137967,-0.3713524265171425,-0.212929001131641,0.22002146641393286,-0.3846231669860487,-0.42977310570540805,-0.1288921030560617,-0.24813972770420067,-0.40394045698942166,-0.16091973731692474,-0.3332639269009268,-0.20676817284800575,-0.06329819262095,-0.32262449243277225,-0.19640922381481585,-0.02484549465930135,-0.3180509870648983,-0.3848164416901871,-0.37037942869628016,-0.23253809941090578,-0.38784271979532026,-0.43074773850190756,-0.32538363497593265,-0.20216918763633518,-0.2907219334386768,-0.2878113381210785,-0.18392387018423756,-0.19840360277171862,-0.2612992959549156,-0.31508057204017637,-0.5686533075297532,-0.22886596365723264,-0.32303341361977483,-0.6539554973606974,-0.2943542719935738,-0.19949589858672623,-0.5178559359784342,-0.26541754763674275,-0.17921642876301885,-0.4006630171358612,-0.24333998802315854
3,0.0,0.0,0.0,-0.08494162684562302,0.2822014548263344,-0.15861425667357307,-0.18992561512366116,0.518774935286618,-0.2910578733650206,-0.2213502037706484,0.756667185882081,-0.4050682595521534,-0.23813434061549357,0.9999964712453889,-0.5089336857209171,-0.5038101543698912,0.18159948520799754,-0.2785513788354457,-0.4198248987849796,0.1308095879300533,-0.38351801487486303,-0.2593147985712668,0.16824373005428858,-0.4108532329956155,-0.25905062388390077,0.21775587157924803,-0.43071591988449365,-0.5112381744805762,-0.13677413075196984,-0.26586184447969213,-0.4460265687721942,-0.17924589066052432,-0.37098559715243945,-0.22759574769313906,-0.07704740992399303,-0.36705862780493287,-0.22327851072428867,-0.043073304180741546,-0.3634927690596329,-0.46370608112987166,-0.4138883298750214,-0.2609118555004079,-0.4245709989604696,-0.4827877595331908,-0.38101737325071394,-0.21326910849732675,-0.32569405219120356,-0.3451746943207107,-0.20058683053226917,-0.23343861451454503,-0.3133996956186662,-0.3811022740693394,-0.6503918755554091,-0.2672823618322388,-0.35362747559277213,-0.7376573352301437,-0.3497016304641662,-0.2071968766308788,-0.574719709415925,-0.31896413788402056,-0.19190124636444902,-0.45620465579156666,-0.2919949731243547
3,0.0,0.0,0.0,-0.08494162684562302,0.2822014548263344,-0.15861425667357307,-0.18992561512366116,0.518774935286618,-0.2910578733650206,-0.2213502037706484,0.756667185882081,-0.4050682595521534,-0.23813434061549357,0.9999964712453889,-0.5089336857209171,-0.5038101543698912,0.18159948520799754,-0.2785513788354457,-0.4198248987849796,0.1308095879300533,-0.38351801487486303,-0.2593147985712668,0.16824373005428858,-0.4108532329956155,-0.25905062388390077,0.21775587157924803,-0.43071591988449365,-0.5112381744805762,-0.13677413075196984,-0.26586184447969213,-0.4460265687721942,-0.17924589066052432,-0.37098559715243945,-0.22759574769313906,-0.07704740992399303,-0.36705862780493287,-0.22327851072428867,-0.043073304180741546,-0.3634927690596329,-0.46370608112987166,-0.4138883298750214,-0.2609118555004079,-0.4245709989604696,-0.4827877595331908,-0.38101737325071394,-0.21326910849732675,-0.32569405219120356,-0.3451746943207107,-0.20058683053226917,-0.23343861451454503,-0.3133996956186662,-0.3811022740693394,-0.6503918755554091,-0.2672823618322388,-0.35362747559277213,-0.7376573352301437,-0.3497016304641662,-0.2071968766308788,-0.574719709415925,-0.31896413788402056,-0.19190124636444902,-0.45620465579156666,-0.2919949731243547
3,0.0,0.0,0.0,-0.07581609128544098,0.2773713924337496,-0.16032402238967466,-0.17293596203216408,0.5202502554586256,-0.2906407502961333,-0.19963120764884976,0.758067811556049,-0.4022975128288369,-0.21257188768532473,0.9999966409019517,-0.5033205303731876,-0.47160492717397173,0.18203906661555602,-0.2741152698370713,-0.40346518810177245,0.11746360563673516,-0.37146311362862494,-0.23760552539857555,0.1616020302093371,-0.39347298635083616,-0.2254364849403435,0.22480599894348646,-0.41038416146286594,-0.47806335423037594,-0.12750593213541966,-0.25783230324390105,-0.4365860250481286,-0.18037125195889708,-0.35609046249924,-0.2207752132690738,-0.07749561868608726,-0.35028164224397984,-0.21319977085018457,-0.03676259934611236,-0.34629042462137055,-0.434017830738289,-0.39739438279510314,-0.24937547683996442,-0.4127440839538975,-0.4684216636414123,-0.3604158937611804,-0.21023494498754286,-0.3159732930215663,-0.32655823011454366,-0.19979338410405909,-0.22081145269918848,-0.2985164944566979,-0.35856093026845975,-0.6275299805795985,-0.2524717206912333,-0.3411189526196191,-0.7089891117438635,-0.32927163241714946,-0.2024845121713043,-0.5516985726289433,-0.3008153457092902,-0.18864104986749738,-0.4301004684735999,-0.2772085604751126
3,0.0,0.0,0.0,-0.06521552571136903,0.26832148200550293,-0.16065820764525307,-0.15582560205812743,0.517999773202716,-0.2887339131461132,-0.1877682704586984,0.759707927424119,-0.39809678343018573,-0.20443624166476054,0.9999967633260817,-0.49694923211547276,-0.4410184902524096,0.17993751876028333,-0.26738199374207905,-0.3832879057069564,0.11470926027616957,-0.36057778756001563,-0.22058351963388242,0.161544449768108,-0.3824100315237651,-0.20414010823804574,0.2282703524161221,-0.39931937076467977,-0.4435308978199059,-0.11614767775472692,-0.24906565899777072,-0.42160757112385167,-0.17883188966028168,-0.34336076375953634,-0.2126785898881893,-0.07944140898122966,-0.33799399650802775,-0.20091505123844225,-0.034946541703934374,-0.3342807293110431,-0.39963119120802765,-0.3755571834429072,-0.2387153616622903,-0.3974056568688863,-0.45115589948601387,-0.3438430898725431,-0.20323646721476746,-0.3064771647431098,-0.3104940770762755,-0.19101879300379135,-0.2108437201673525,-0.2837603425983981,-0.3267983806625171,-0.5949411215475957,-0.24017784601054323,-0.3253663295703321,-0.682602114097953,-0.31260364190002016,-0.19447303991280016,-0.5362842277849627,-0.2842083770393537,-0.17967041991384253,-0.4161537001315211,-0.2613814093200212
3,0.0,0.0,0.0,-0.06521552571136903,0.26832148200550293,-0.16065820764525307,-0.15582560205812743,0.517999773202716,-0.2887339131461132,-0.1877682704586984,0.759707927424119,-0.39809678343018573,-0.20443624166476054,0.9999967633260817,-0.49694923211547276,-0.4410184902524096,0.17993751876028333,-0.26738199374207905,-0.3832879057069564,0.11470926027616957,-0.36057778756001563,-0.22058351963388242,0.161544449768108,-0.3824100315237651,-0.20414010823804574,0.2282703524161221,-0.39931937076467977,-0.4435308978199059,-0.11614767775472692,-0.24906565899777072,-0.42160757112385167,-0.17883188966028168,-0.34336076375953634,-0.2126785898881893,-0.07944140898122966,-0.33799399650802775,-0.20091505123844225,-0.034946541703934374,-0.3342807293110431,-0.39963119120802765,-0.3755571834429072,-0.2387153616622903,-0.3974056568688863,-0.45115589948601387,-0.3438430898725431,-0.20323646721476746,-0.3064771647431098,-0.3104940770762755,-0.19101879300379135,-0.2108437201673525,-0.2837603425983981,-0.3267983806625171,-0.5949411215475957,-0.24017784601054323,-0.3253663295703321,-0.682602114097953,-0.31260364190002016,-0.19447303991280016,-0.5362842277849627,-0.2842083770393537,-0.17967041991384253,-0.4161537001315211,-0.2613814093200212
3,0.0,0.0,0.0,-0.06931417340874282,0.2824508502404596,-0.1679251066320888,-0.16377360426254525,0.5306153109334877,-0.30183911735211033,-0.1907383752461156,0.7611437794463236,-0.41582904266215837,-0.2071098005211242,0.9999966472958101,-0.5181582442639114,-0.46559522944297865,0.17750578568218747,-0.28116443264831553,-0.40160470684872523,0.10972755747465206,-0.38030623821061277,-0.23113477318893053,0.15713262964290892,-0.4020843714461233,-0.21426295671123866,0.22208256843687568,-0.41820532634426966,-0.4686493343753301,-0.13797288230278876,-0.26192802293793604,-0.4355567695263129,-0.19491716136405057,-0.3604057959852109,-0.2173010747042072,-0.08802978358913315,-0.35238072710891144,-0.20821689607338667,-0.049935504917448754,-0.3467233739143978,-0.4226902808742521,-0.4084039521682518,-0.25136492751623785,-0.4069695240321255,-0.4791692400811018,-0.36198950216782455,-0.20621473175242686,-0.32229539901945276,-0.3254485045347409,-0.19730221288322966,-0.22838641847227614,-0.2957179930379373,-0.34763759557403484,-0.6343190895670526,-0.25322278472967463,-0.3354449564169612,-0.7151497545153456,-0.32854247689717825,-0.19884515237041708,-0.5569691809958908,-0.29817111394745743,-0.1849772818027629,-0.43595774194970904,-0.2736028351365621
3,0.0,0.0,0.0,-0.06796210891106061,0.2773218953579811,-0.16084013151235,-0.15673212379318446,0.5250368388805099,-0.2901208531105652,-0.1894820544435599,0.7581466230026848,-0.40056323118824033,-0.2104462905737805,0.9999968053777741,-0.5001379736021644,-0.44824978775713664,0.16696994028192577,-0.2672820831778781,-0.39160057460229925,0.11325215562919332,-0.36006446107002005,-0.22788957545798474,0.16152237691611093,-0.381560167377437,-0.21366981464731957,0.2186223007734155,-0.3984381359385372,-0.44848304530277344,-0.1334771081504875,-0.24877542950705447,-0.4210447221916131,-0.17746015095576226,-0.34107522609942237,-0.2128788335497071,-0.07297876466399703,-0.33405141296807167,-0.20418813343508743,-0.038327451791616486,-0.3302381281327174,-0.4040504342809693,-0.39134570503100546,-0.23835098318001335,-0.3945885561583259,-0.452357024703574,-0.3411238293553601,-0.20174435601410565,-0.2992392503818221,-0.3052439632711848,-0.19150215999593603,-0.21163438074194443,-0.27758021340341976,-0.33283814329115397,-0.6050307528241625,-0.2400289617975953,-0.3252880249711175,-0.6782165930643882,-0.309359911672898,-0.19527521980556312,-0.5259077939937693,-0.27897759271431677,-0.1814781787918887,-0.4134886058204031,-0.25529412104314964
3,0.0,0.0,0.0,-0.06796210891106061,0.2773218953579811,-0.16084013151235,-0.15673212379318446,0.5250368388805099,-0.2901208531105652,-0.1894820544435599,0.7581466230026848,-0.40056323118824033,-0.2104462905737805,0.9999968053777741,-0.5001379736021644,-0.44824978775713664,0.16696994028192577,-0.2672820831778781,-0.39160057460229925,0.11325215562919332,-0.36006446107002005,-0.22788957545798474,0.16152237691611093,-0.381560167377437,-0.21366981464731957,0.2186223007734155,-0.3984381359385372,-0.44848304530277344,-0.1334771081504875,-0.24877542950705447,-0.4210447221916131,-0.17746015095576226,-0.34107522609942237,-0.2128788335497071,-0.07297876466399703,-0.33405141296807167,-0.20418813343508743,-0.038327451791616486,-0.3302381281327174,-0.4040504342809693,-0.39134570503100546,-0.23835098318001335,-0.3945885561583259,-0.452357024703574,-0.3411238293553601,-0.20174435601410565,-0.2992392503818221,-0.3052439632711848,-0.19150215999593603,-0.21163438074194443,-0.27758021340341976,-0.33283814329115397,-0.6050307528241625,-0.2400289617975953,-0.3252880249711175,-0.6782165930643882,-0.309359911672898,-0.19527521980556312,-0.5259077939937693,-0.27897759271431677,-0.1814781787918887,-0.4134886058204031,-0.25529412104314964
3,0.0,0.0,0.0,-0.06418954368792917,0.25089881175313306,-0.15502839755107056,-0.14698436526944067,0.4948539500629731,-0.27845992121488616,-0.1807369333586455,0.7455183727660396,-0.3825800824586185,-0.20032281294251014,0.9999969528123046,-0.475026720010364,-0.4228560089740859,0.14511788012956545,-0.26639608208811194,-0.38532379258431143,0.0929291284556601,-0.3458040908720858,-0.22911534184669546,0.14808293339755194,-0.3560741635849982,-0.21601807040977214,0.21332118872832054,-0.36619512090844564,-0.420093287671829,-0.13365542918055306,-0.24402772931574893,-0.4070632180547621,-0.17488864957901112,-0.3264864509847086,-0.20976085447498485,-0.07336468080353341,-0.31364724815802414,-0.20178799424191884,-0.03159393665949459,-0.3080178924692259,-0.37492530990751133,-0.37620214448478206,-0.22751099771069552,-0.387667683084977,-0.4388661160487019,-0.3176039142252897,-0.20341391502936235,-0.29896709292387297,-0.27947923206153846,-0.18952765790201737,-0.2058709588645428,-0.2538219177901448,-0.3069510323758883,-0.5736240183279795,-0.22249740139964863,-0.31986940167076156,-0.6577765891103996,-0.28518686878914234,-0.19739008919867077,-0.5187594536512802,-0.25595829996868635,-0.1804713953569428,-0.39849852774060973,-0.23489956536409157
3,0.0,0.0,0.0,-0.06418954368792917,0.25089881175313306,-0.15502839755107056,-0.14698436526944067,0.4948539500629731,-0.27845992121488616,-0.1807369333586455,0.7455183727660396,-0.3825800824586185,-0.20032281294251014,0.9999969528123046,-0.475026720010364,-0.4228560089740859,0.14511788012956545,-0.26639608208811194,-0.38532379258431143,0.0929291284556601,-0.3458040908720858,-0.22911534184669546,0.14808293339755194,-0.3560741635849982,-0.21601807040977214,0.21332118872832054,-0.36619512090844564,-0.420093287671829,-0.13365542918055306,-0.24402772931574893,-0.4070632180547621,-0.17488864957901112,-0.3264864509847086,-0.20976085447498485,-0.07336468080353341,-0.31364724815802414,-0.20178799424191884,-0.03159393665949459,-0.3080178924692259,-0.37492530990751133,-0.37620214448478206,-0.22751099771069552,-0.387667683084977,-0.4388661160487019,-0.3176039142252897,-0.20341391502936235,-0.29896709292387297,-0.27947923206153846,-0.18952765790201737,-0.2058709588645428,-0.2538219177901448,-0.3069510323758883,-0.5736240183279795,-0.22249740139964863,-0.31986940167076156,-0.6577765891103996,-0.28518686878914234,-0.19739008919867077,-0.5187594536512802,-0.25595829996868635,-0.1804713953569428,-0.39849852774060973,-0.23489956536409157
3,0.0,0.0,0.0,-0.06015428232187258,0.24262889555406122,-0.14202085943242634,-0.15232454468611994,0.4820527612269376,-0.2555757905329043,-0.18845791909614817,0.7357010704714331,-0.35303717063004975,-0.20631122935195717,0.9999971211329585,-0.440820378895501,-0.4006539594436742,0.13185219753789607,-0.25036560074827224,-0.39078697003217977,0.08318835401748959,-0.33046288464846185,-0.22977411407215287,0.14588754468971302,-0.3415187620314623,-0.2059012916505892,0.20816478609125255,-0.35061010435438056,-0.39201952863784156,-0.13834170525159836,-0.23131778282245585,-0.40972149312026984,-0.18501205725017889,-0.31648941852785284,-0.20760470377343546,-0.07638877622158893,-0.30192663478768106,-0.1881485353893393,-0.031440282684446985,-0.29098950034706095,-0.34846008729516326,-0.3712134314564822,-0.21798249566944844,-0.3790532111551424,-0.4347055572974044,-0.3038766272691986,-0.19919248699994752,-0.29352594720107017,-0.2626315793921599,-0.18463189108132969,-0.205032168813658,-0.23333761399985317,-0.2887488602872011,-0.5592578093804677,-0.21544882671610036,-0.3064304051017923,-0.6289099827481409,-0.2738736789980191,-0.19024077917032695,-0.5002574098852375,-0.24501789994420373,-0.17631542367467445,-0.39875870539946784,-0.22358591420456075
3,0.0,0.0,0.0,-0.06276077981823497,0.24393733825793568,-0.14543009860772313,-0.1540111856883622,0.4838400783983882,-0.26186870607690854,-0.19091737292499086,0.7387378949458546,-0.36156855707126123,-0.2098011748984778,0.9999971020304361,-0.451329339914934,-0.4134117916493595,0.1351614983730451,-0.2488991119282859,-0.3921207903024274,0.0894015641297663,-0.32737211008799944,-0.23345981988862258,0.14984410178446747,-0.33969510191496805,-0.2129105316666599,0.21241573957386187,-0.3507156479127447,-0.40631715187715,-0.13568833233465588,-0.22937676128345974,-0.41391064295464863,-0.1822538907080831,-0.315195401051601,-0.21452661643545673,-0.07683726507513529,-0.3053155585384907,-0.19618225789216992,-0.027162954497088495,-0.2977078170341616,-0.3625343132157062,-0.36746712005462406,-0.2153970709712275,-0.38796709316313105,-0.4341865820801362,-0.30241449550914706,-0.20724767114290668,-0.2976667157483675,-0.2641390581696697,-0.19124539184076098,-0.20605339900829134,-0.23666477502944736,-0.2997471053331675,-0.5532087379547936,-0.21239172072735193,-0.31393327569355073,-0.6249262133177509,-0.2701984044326466,-0.196424256049618,-0.4977257806682069,-0.24094806468667768,-0.18123848302174578,-0.39478570648594574,-0.21918055929471333
3,0.0,0.0,0.0,-0.06404569102667881,0.2457087983818382,-0.14476047275994325,-0.15800282927025733,0.483979314008361,-0.25959232551019273,-0.19286230221076014,0.7381158283942574,-0.35768635533169946,-0.210375236334311,0.9999971160640495,-0.44607372009964175,-0.4119856686519188,0.13558381204170886,-0.24649260574903054,-0.38579147195692004,0.08822887667632644,-0.3254118541067271,-0.22419000038950684,0.1524768892689834,-0.3399413616379953,-0.20218284592398608,0.21820647329508608,-0.35236078157965517,-0.4043997272515947,-0.13420804258265526,-0.22689203794798346,-0.41029765014902553,-0.18386655594775994,-0.3140007329973835,-0.2094303241438421,-0.07827180215696873,-0.3069759030428913,-0.18776919628181668,-0.025920194506239932,-0.3004446079279225,-0.36068297025828316,-0.3640437085220374,-0.2125742847744802,-0.3841627575663993,-0.4332846116885271,-0.29922616626263393,-0.20159633684742073,-0.299133294778576,-0.2625799420669365,-0.18375215917447324,-0.2091801295480212,-0.2354114819432439,-0.2992506137834869,-0.5485510067273874,-0.20919612055596726,-0.3121242473597275,-0.6192805290624164,-0.265562809997291,-0.19428078782031974,-0.4975718165641433,-0.23640585720135102,-0.17891724100432263,-0.40069897874357135,-0.21450723355887144
3,0.0,0.0,0.0,-0.06404569102667881,0.2457087983818382,-0.14476047275994325,-0.15800282927025733,0.483979314008361,-0.25959232551019273,-0.19286230221076014,0.7381158283942574,-0.35768635533169946,-0.210375236334311,0.9999971160640495,-0.44607372009964175,-0.4119856686519188,0.13558381204170886,-0.24649260574903054,-0.38579147195692004,0.08822887667632644,-0.3254118541067271,-0.22419000038950684,0.1524768892689834,-0.3399413616379953,-0.20218284592398608,0.21820647329508608,-0.35236078157965517,-0.4043997272515947,-0.13420804258265526,-0.22689203794798346,-0.41029765014902553,-0.18386655594775994,-0.3140007329973835,-0.2094303241438421,-0.07827180215696873,-0.3069759030428913,-0.18776919628181668,-0.025920194506239932,-0.3004446079279225,-0.36068297025828316,-0.3640437085220374,-0.2125742847744802,-0.3841627575663993,-0.4332846116885271,-0.29922616626263393,-0.20159633684742073,-0.299133294778576,-0.2625799420669365,-0.18375215917447324,-0.2091801295480212,-0.2354114819432439,-0.2992506137834869,-0.5485510067273874,-0.20919612055596726,-0.3121242473597275,-0.6192805290624164,-0.265562809997291,-0.19428078782031974,-0.4975718165641433,-0.23640585720135102,-0.17891724100432263,-0.40069897874357135,-0.21450723355887144
3,0.0,0.0,0.0,-0.061059389237457774,0.24460669094084397,-0.14244348314302432,-0.1499954736053826,0.4872806943721472,-0.25792539259600017,-0.1867648793724769,0.739747971067357,-0.3576930690679637,-0.20801563662965067,0.9999971033485968,-0.44749391196523225,-0.4034660419852396,0.13066480012466072,-0.24967683199619245,-0.3884732971874918,0.08366409820535321,-0.3302670005588922,-0.2339568817885301,0.14219203628461138,-0.34129099382814837,-0.21684532860083372,0.2008574068507013,-0.3506217273530823,-0.3965595415603112,-0.14029543343555786,-0.23184047782894882,-0.40401059231622866,-0.18054286524659924,-0.3156107797509633,-0.20773041242331144,-0.07156062972781348,-0.3005145289533968,-0.1967314971298245,-0.030975400604603413,-0.2903312521609827,-0.3527082190283123,-0.37388102305960097,-0.22018977256454395,-0.37764461861764315,-0.43289938447911736,-0.3067695847151632,-0.20043008850282623,-0.2904803083450289,-0.26526447731208047,-0.19005807944010064,-0.20558294348962664,-0.2363829581937996,-0.29015399251574253,-0.5627061811574083,-0.2195007325194628,-0.3058654954073101,-0.6317914722373493,-0.27911155572109364,-0.1909313627546671,-0.5018927373690609,-0.25038911556958987,-0.1787542573981905,-0.40218762634611205,-0.22922904476179845
3,0.0,0.0,0.0,-0.0622193642849017,0.25911293337568153,-0.14976374939246506,-0.14989874506194342,0.5076690409417314,-0.2675560579922791,-0.1829238138826589,0.7539302291855386,-0.3679725184962574,-0.20200607073247928,0.9999969964617231,-0.4584555624120628,-0.4212287805398284,0.14544147430560225,-0.2507821920833143,-0.38685368546050986,0.09387516167756717,-0.3307880762397571,-0.2320054408664623,0.15118280066993042,-0.34521085378541877,-0.21622153752260956,0.2141900532407507,-0.35791924478301695,-0.4182827479033649,-0.13739162273179448,-0.2304447473796774,-0.40190734651436905,-0.17584168103857908,-0.31360158047098624,-0.20608712080423558,-0.06626022328185939,-0.3046786695474049,-0.19383913691850088,-0.01665342695319299,-0.29986473656938206,-0.3729767546278147,-0.37681943313567634,-0.216545102771414,-0.3767301892568919,-0.4392577447901937,-0.3072448562464343,-0.19737129685514557,-0.2871824158200026,-0.2738843844028448,-0.18420294630776413,-0.18695679578700572,-0.24944655494558854,-0.3063290320969504,-0.5718673457202809,-0.21371190053535954,-0.3100201660844689,-0.6476870474723371,-0.27832639329225234,-0.19155889763248754,-0.5064930268198957,-0.25332852940408845,-0.17601381341460967,-0.39190075352608955,-0.23362467595923397
3,0.0,0.0,0.0,-0.07976783593567119,0.3057773899581187,-0.1649599588239024,-0.18207399796095888,0.5538284353917112,-0.30003119075340023,-0.20613183716961314,0.7739231671548129,-0.4166793679519905,-0.22363102565104598,0.9999963679726724,-0.5213489314104844,-0.49955958396080974,0.18030119657446508,-0.28761773842679206,-0.42983625147251175,0.11407367514845825,-0.39189018593176916,-0.24159760675592978,0.17180608127254748,-0.4131705948084909,-0.22142525286719136,0.23694056640591699,-0.42900316813863265,-0.5003456435327183,-0.15360309778470468,-0.2733167743541018,-0.456936797176119,-0.2094657169292913,-0.37778822633759085,-0.22132133973182477,-0.08414073880616595,-0.36974280595325715,-0.21253743250786752,-0.04079781234481491,-0.36433764515002953,-0.44770563049868806,-0.44094716347158464,-0.26714011264220194,-0.42514435692501146,-0.5206785215670282,-0.3861446825495037,-0.20831206464102345,-0.3434716633266514,-0.3464019944393447,-0.20015704837173276,-0.24055154785990607,-0.3133072032856882,-0.36464742842877346,-0.684219828321054,-0.2726002878736067,-0.348961957130885,-0.7817727221032655,-0.3514621311603004,-0.20059131868328564,-0.6030908385549298,-0.31589423444563125,-0.1869561834375993,-0.4711659691789844,-0.2870615054847451
3,0.0,0.0,0.0,-0.07376503756189152,0.29332911348566637,-0.16950507049883365,-0.16630822002692208,0.5407596124450658,-0.30762784711828817,-0.18697156264740497,0.7650441071363087,-0.4254975606500178,-0.20215523090514564,0.9999965399442834,-0.5312275371907321,-0.4766988781312606,0.17190575791613427,-0.2929486306291311,-0.3951239125135661,0.12144449469720167,-0.3977773842866732,-0.21809165834331573,0.17061884907068783,-0.42313516001524487,-0.2023259938096376,0.22815811093957575,-0.44166961202343186,-0.4779282473023673,-0.15002758571967348,-0.2753240376111522,-0.4262526700959366,-0.18248821146292424,-0.3787409811140293,-0.2040552775707062,-0.06851438760185256,-0.3724711931855001,-0.19687374875401786,-0.03311171087547423,-0.36865859683374513,-0.42626236315935584,-0.42415515304263324,-0.2659328512468157,-0.3988928643005105,-0.48495520269282777,-0.38248433393295433,-0.19343209253401628,-0.3215524268669713,-0.3451875140291086,-0.18587748389338363,-0.2300537235442105,-0.31417071648511496,-0.34433143525524457,-0.6532336925362519,-0.2688013277538835,-0.3246741088764424,-0.7310827064462128,-0.34605829141255184,-0.18594512910192632,-0.5649415370867285,-0.3135438640114396,-0.17573173378893864,-0.4450326711176027,-0.2872358329352717
3,0.0,0.0,0.0,-0.07376503756189152,0.29332911348566637,-0.16950507049883365,-0.16630822002692208,0.5407596124450658,-0.30762784711828817,-0.18697156264740497,0.7650441071363087,-0.4254975606500178,-0.20215523090514564,0.9999965399442834,-0.5312275371907321,-0.4766988781312606,0.17190575791613427,-0.2929486306291311,-0.3951239125135661,0.12144449469720167,-0.3977773842866732,-0.21809165834331573,0.17061884907068783,-0.42313516001524487,-0.2023259938096376,0.22815811093957575,-0.44166961202343186,-0.4779282473023673,-0.15002758571967348,-0.2753240376111522,-0.4262526700959366,-0.18248821146292424,-0.3787409811140293,-0.2040552775707062,-0.06851438760185256,-0.3724711931855001,-0.19687374875401786,-0.03311171087547423,-0.36865859683374513,-0.42626236315935584,-0.42415515304263324,-0.2659328512468157,-0.3988928643005105,-0.48495520269282777,-0.38248433393295433,-0.19343209253401628,-0.3215524268669713,-0.3451875140291086,-0.18587748389338363,-0.2300537235442105,-0.31417071648511496,-0.34433143525524457,-0.6532336925362519,-0.2688013277538835,-0.3246741088764424,-0.7310827064462128,-0.34605829141255184,-0.18594512910192632,-0.5649415370867285,-0.3135438640114396,-0.17573173378893864,-0.4450326711176027,-0.2872358329352717
3,0.0,0.0,0.0,-0.06672035506199896,0.2809228110973431,-0.16212046372471023,-0.1553878971237356,0.5288125042616219,-0.29278275624969263,-0.17766184809658364,0.757514963791324,-0.4044308418865655,-0.19197442545196214,0.9999966934923054,-0.5045033679738898,-0.45072636009873507,0.1724915669924967,-0.2791403603723368,-0.39325709122358676,0.11341705531820273,-0.3755054555307319,-0.222342584130263,0.16903236237486563,-0.3940953299358168,-0.2085345398093612,0.23117033556787303,-0.4084356960247349,-0.45040669112142206,-0.13723751829165187,-0.26058098459501955,-0.4186725486689188,-0.1827204815584709,-0.35721652719738367,-0.20039145546619344,-0.06708653567842776,-0.34623615896194443,-0.194826810845705,-0.03131455228437791,-0.33923270831872265,-0.4041500776878693,-0.404651950098922,-0.2500302577717519,-0.3912919744709432,-0.46828341990726713,-0.3566167783338907,-0.1937428531544464,-0.305068855544603,-0.31799679464766717,-0.19008814198595558,-0.21445531380223226,-0.28837486693359166,-0.3324218380922556,-0.6274656616584493,-0.2515397920338399,-0.3189969235444096,-0.6987896835768318,-0.3231502251367354,-0.18586188948934662,-0.5387244104737071,-0.2925582784659938,-0.17653236418229218,-0.42308740980380677,-0.2690635201433658
3,0.0,0.0,0.0,-0.06694639099814009,0.2804386218420153,-0.1656852639294682,-0.15647419020593284,0.5273972067364239,-0.3004743008364335,-0.18374661870190498,0.7563784770672689,-0.4153997452696981,-0.2043144276319626,0.999996624104122,-0.5178776771382191,-0.46351658955900027,0.16611077290795004,-0.28131585545730964,-0.3884986978211384,0.11693705667449783,-0.3786378755200153,-0.21320247537644071,0.16936770484954344,-0.3990143502625057,-0.19750960096689363,0.22858708216368942,-0.41498578732846225,-0.46373732688384445,-0.1494708609237638,-0.2635128972218933,-0.41984178819641577,-0.18436617223262078,-0.3606417972777447,-0.20189094509739253,-0.06791958705247819,-0.35236927868249024,-0.19776454553442105,-0.029431911604657458,-0.3475841633264075,-0.4151954385446591,-0.4196350355972568,-0.2535171133193178,-0.3947763305107363,-0.479227573685262,-0.362734676872735,-0.19213363095061098,-0.3144080235790669,-0.3237715962087702,-0.18653893580023018,-0.22254517761999396,-0.2933128385140075,-0.33657471927595395,-0.6429955529075595,-0.2556796650188909,-0.321311648809768,-0.7144719889323332,-0.3284568565990791,-0.1853815236830891,-0.550338294041937,-0.2953649460940055,-0.1768083837903714,-0.43568135131135155,-0.26931409344758983
3,0.0,0.0,0.0,-0.060794625055831455,0.25049912355819204,-0.15065753872900556,-0.156502285934569,0.49924542899478386,-0.2661542284422639,-0.20886291363455362,0.7509527975678799,-0.36265456367838356,-0.23908663604634792,0.9999971475427292,-0.44783383949760935,-0.42049153776758647,0.15052022771647455,-0.249204815545597,-0.3848878819136468,0.0972795780370144,-0.3254803933287116,-0.22677244904297586,0.15612254692932198,-0.33530683079451923,-0.21074877217325969,0.21592935751437428,-0.3447807324074593,-0.4121445904993539,-0.12627575819768558,-0.2245230340998454,-0.3997576350633668,-0.17397240542221176,-0.3078022122302916,-0.20622488793255547,-0.06285993939039076,-0.2967082141259151,-0.19630933889024232,-0.012162784458410127,-0.2888845024917312,-0.3653703001601938,-0.3592135466979125,-0.2057401499852657,-0.36537319049513406,-0.41761012886164334,-0.2908071277910751,-0.19224926839760792,-0.28235384497483734,-0.25511533797391855,-0.18575077533355966,-0.19727785612480228,-0.23016341647356126,-0.3006451596249351,-0.5476526735653723,-0.19805156150954167,-0.2986419874915926,-0.6015995850884841,-0.2514685003678984,-0.18929568612800804,-0.4762519644460453,-0.22470227737107068,-0.18460263228344406,-0.3850364791335196,-0.2056874863824561
3,0.0,0.0,0.0,-0.060794625055831455,0.25049912355819204,-0.15065753872900556,-0.156502285934569,0.49924542899478386,-0.2661542284422639,-0.20886291363455362,0.7509527975678799,-0.36265456367838356,-0.23908663604634792,0.9999971475427292,-0.44783383949760935,-0.42049153776758647,0.15052022771647455,-0.249204815545597,-0.3848878819136468,0.0972795780370144,-0.3254803933287116,-0.22677244904297586,0.15612254692932198,-0.33530683079451923,-0.21074877217325969,0.21592935751437428,-0.3447807324074593,-0.4121445904993539,-0.12627575819768558,-0.2245230340998454,-0.3997576350633668,-0.17397240542221176,-0.3078022122302916,-0.20622488793255547,-0.06285993939039076,-0.2967082141259151,-0.19630933889024232,-0.012162784458410127,-0.2888845024917312,-0.3653703001601938,-0.3592135466979125,-0.2057401499852657,-0.36537319049513406,-0.41761012886164334,-0.2908071277910751,-0.19224926839760792,-0.28235384497483734,-0.25511533797391855,-0.18575077533355966,-0.19727785612480228,-0.23016341647356126,-0.3006451596249351,-0.5476526735653723,-0.19805156150954167,-0.2986419874915926,-0.6015995850884841,-0.2514685003678984,-0.18929568612800804,-0.4762519644460453,-0.22470227737107068,-0.18460263228344406,-0.3850364791335196,-0.2056874863824561
